country_id,country_value,date,value,indicator_id,indicator_value
ZH,Africa Eastern and Southern,2025,1358694050872.54,NY.GDP.MKTP.CD,GDP (current US$)
ZH,Africa Eastern and Southern,2024,1252564134751.16,NY.GDP.MKTP.CD,GDP (current US$)
ZH,Africa Eastern and Southern,2023,1179121535535.41,NY.GDP.MKTP.CD,GDP (current US$)
ZH,Africa Eastern and Southern,2022,1226461319482.05,NY.GDP.MKTP.CD,GDP (current US$)
ZH,Africa Eastern and Southern,2021,1113059797223.9,NY.GDP.MKTP.CD,GDP (current US$)
ZH,Africa Eastern and Southern,2020,938546103425.609,NY.GDP.MKTP.CD,GDP (current US$)
ZH,Africa Eastern and Southern,2019,1019354194063.69,NY.GDP.MKTP.CD,GDP (current US$)
ZH,Africa Eastern and Southern,2018,1021971569379.4,NY.GDP.MKTP.CD,GDP (current US$)
ZH,Africa Eastern and Southern,2017,979240640383.155,NY.GDP.MKTP.CD,GDP (current US$)
ZH,Africa Eastern and Southern,2016,832661416653.091,NY.GDP.MKTP.CD,GDP (current US$)
ZI,Africa Western and Central,2025,852526995230.254,NY.GDP.MKTP.CD,GDP (current US$)
ZI,Africa Western and Central,2024,737366967283.718,NY.GDP.MKTP.CD,GDP (current US$)
ZI,Africa Western and Central,2023,938480674635.085,NY.GDP.MKTP.CD,GDP (current US$)
ZI,Africa Western and Central,2022,1063748247138.21,NY.GDP.MKTP.CD,GDP (current US$)
ZI,Africa Western and Central,2021,1026670180885.97,NY.GDP.MKTP.CD,GDP (current US$)
ZI,Africa Western and Central,2020,963688197941.774,NY.GDP.MKTP.CD,GDP (current US$)
ZI,Africa Western and Central,2019,1026527768676.04,NY.GDP.MKTP.CD,GDP (current US$)
ZI,Africa Western and Central,2018,777805844264.864,NY.GDP.MKTP.CD,GDP (current US$)
ZI,Africa Western and Central,2017,694206358825.098,NY.GDP.MKTP.CD,GDP (current US$)
ZI,Africa Western and Central,2016,699979485002.844,NY.GDP.MKTP.CD,GDP (current US$)
1A,Arab World,2025,3797527236194.65,NY.GDP.MKTP.CD,GDP (current US$)
1A,Arab World,2024,3745043769553.0,NY.GDP.MKTP.CD,GDP (current US$)
1A,Arab World,2023,3617895070373.04,NY.GDP.MKTP.CD,GDP (current US$)
1A,Arab World,2022,3752344988903.0,NY.GDP.MKTP.CD,GDP (current US$)
1A,Arab World,2021,3090113052044.16,NY.GDP.MKTP.CD,GDP (current US$)
1A,Arab World,2020,2608795934173.51,NY.GDP.MKTP.CD,GDP (current US$)
1A,Arab World,2019,2969429771610.46,NY.GDP.MKTP.CD,GDP (current US$)
1A,Arab World,2018,2924906594129.03,NY.GDP.MKTP.CD,GDP (current US$)
1A,Arab World,2017,2615263227679.8,NY.GDP.MKTP.CD,GDP (current US$)
1A,Arab World,2016,2540369856563.15,NY.GDP.MKTP.CD,GDP (current US$)
S3,Caribbean small states,2025,95141207521.3621,NY.GDP.MKTP.CD,GDP (current US$)
S3,Caribbean small states,2024,90434300483.4678,NY.GDP.MKTP.CD,GDP (current US$)
S3,Caribbean small states,2023,79594075306.6477,NY.GDP.MKTP.CD,GDP (current US$)
S3,Caribbean small states,2022,78475897832.9531,NY.GDP.MKTP.CD,GDP (current US$)
S3,Caribbean small states,2021,62692425791.373,NY.GDP.MKTP.CD,GDP (current US$)
S3,Caribbean small states,2020,53339533047.3726,NY.GDP.MKTP.CD,GDP (current US$)
S3,Caribbean small states,2019,62185048912.3359,NY.GDP.MKTP.CD,GDP (current US$)
S3,Caribbean small states,2018,61251232769.8672,NY.GDP.MKTP.CD,GDP (current US$)
S3,Caribbean small states,2017,59854333034.3488,NY.GDP.MKTP.CD,GDP (current US$)
S3,Caribbean small states,2016,58077597799.5106,NY.GDP.MKTP.CD,GDP (current US$)
B8,Central Europe and the Baltics,2025,2762562481345.2,NY.GDP.MKTP.CD,GDP (current US$)
B8,Central Europe and the Baltics,2024,2463134865871.42,NY.GDP.MKTP.CD,GDP (current US$)
B8,Central Europe and the Baltics,2023,2273564082260.43,NY.GDP.MKTP.CD,GDP (current US$)
B8,Central Europe and the Baltics,2022,1954028005289.23,NY.GDP.MKTP.CD,GDP (current US$)
B8,Central Europe and the Baltics,2021,1926387937049.61,NY.GDP.MKTP.CD,GDP (current US$)
B8,Central Europe and the Baltics,2020,1678297364952.0,NY.GDP.MKTP.CD,GDP (current US$)
B8,Central Europe and the Baltics,2019,1684322326510.05,NY.GDP.MKTP.CD,GDP (current US$)
B8,Central Europe and the Baltics,2018,1656387103225.12,NY.GDP.MKTP.CD,GDP (current US$)
B8,Central Europe and the Baltics,2017,1467504296996.79,NY.GDP.MKTP.CD,GDP (current US$)
B8,Central Europe and the Baltics,2016,1321564300745.06,NY.GDP.MKTP.CD,GDP (current US$)
V2,Early-demographic dividend,2025,16406032169247.4,NY.GDP.MKTP.CD,GDP (current US$)
V2,Early-demographic dividend,2024,15648921855175.6,NY.GDP.MKTP.CD,GDP (current US$)
V2,Early-demographic dividend,2023,14791485754640.0,NY.GDP.MKTP.CD,GDP (current US$)
V2,Early-demographic dividend,2022,13943279396110.6,NY.GDP.MKTP.CD,GDP (current US$)
V2,Early-demographic dividend,2021,12689608907980.0,NY.GDP.MKTP.CD,GDP (current US$)
V2,Early-demographic dividend,2020,10818113835119.8,NY.GDP.MKTP.CD,GDP (current US$)
V2,Early-demographic dividend,2019,11681340567084.1,NY.GDP.MKTP.CD,GDP (current US$)
V2,Early-demographic dividend,2018,11470147555427.1,NY.GDP.MKTP.CD,GDP (current US$)
V2,Early-demographic dividend,2017,11321429912094.9,NY.GDP.MKTP.CD,GDP (current US$)
V2,Early-demographic dividend,2016,10435095271533.5,NY.GDP.MKTP.CD,GDP (current US$)
Z4,East Asia & Pacific,2025,33656980597208.2,NY.GDP.MKTP.CD,GDP (current US$)
Z4,East Asia & Pacific,2024,32200466782431.1,NY.GDP.MKTP.CD,GDP (current US$)
Z4,East Asia & Pacific,2023,31597454903562.8,NY.GDP.MKTP.CD,GDP (current US$)
Z4,East Asia & Pacific,2022,31457553986143.5,NY.GDP.MKTP.CD,GDP (current US$)
Z4,East Asia & Pacific,2021,31866900585287.8,NY.GDP.MKTP.CD,GDP (current US$)
Z4,East Asia & Pacific,2020,27716337916114.1,NY.GDP.MKTP.CD,GDP (current US$)
Z4,East Asia & Pacific,2019,27555988315218.6,NY.GDP.MKTP.CD,GDP (current US$)
Z4,East Asia & Pacific,2018,26967805751611.4,NY.GDP.MKTP.CD,GDP (current US$)
Z4,East Asia & Pacific,2017,24764692848732.2,NY.GDP.MKTP.CD,GDP (current US$)
Z4,East Asia & Pacific,2016,23197528991928.0,NY.GDP.MKTP.CD,GDP (current US$)
4E,East Asia & Pacific (excluding high income),2025,23247334500847.4,NY.GDP.MKTP.CD,GDP (current US$)
4E,East Asia & Pacific (excluding high income),2024,22248728139844.3,NY.GDP.MKTP.CD,GDP (current US$)
4E,East Asia & Pacific (excluding high income),2023,21645526054900.4,NY.GDP.MKTP.CD,GDP (current US$)
4E,East Asia & Pacific (excluding high income),2022,21564016559632.4,NY.GDP.MKTP.CD,GDP (current US$)
4E,East Asia & Pacific (excluding high income),2021,21231427856677.9,NY.GDP.MKTP.CD,GDP (current US$)
4E,East Asia & Pacific (excluding high income),2020,17805087162972.8,NY.GDP.MKTP.CD,GDP (current US$)
4E,East Asia & Pacific (excluding high income),2019,17503400404142.2,NY.GDP.MKTP.CD,GDP (current US$)
4E,East Asia & Pacific (excluding high income),2018,16902232225491.5,NY.GDP.MKTP.CD,GDP (current US$)
4E,East Asia & Pacific (excluding high income),2017,15115746338831.4,NY.GDP.MKTP.CD,GDP (current US$)
4E,East Asia & Pacific (excluding high income),2016,13844229287201.0,NY.GDP.MKTP.CD,GDP (current US$)
T4,East Asia & Pacific (IDA & IBRD countries),2025,23218679986475.4,NY.GDP.MKTP.CD,GDP (current US$)
T4,East Asia & Pacific (IDA & IBRD countries),2024,22221295178065.7,NY.GDP.MKTP.CD,GDP (current US$)
T4,East Asia & Pacific (IDA & IBRD countries),2023,21618798469116.3,NY.GDP.MKTP.CD,GDP (current US$)
T4,East Asia & Pacific (IDA & IBRD countries),2022,21537381722236.2,NY.GDP.MKTP.CD,GDP (current US$)
T4,East Asia & Pacific (IDA & IBRD countries),2021,21205167482133.0,NY.GDP.MKTP.CD,GDP (current US$)
T4,East Asia & Pacific (IDA & IBRD countries),2020,17783125335539.1,NY.GDP.MKTP.CD,GDP (current US$)
T4,East Asia & Pacific (IDA & IBRD countries),2019,17481840638100.6,NY.GDP.MKTP.CD,GDP (current US$)
T4,East Asia & Pacific (IDA & IBRD countries),2018,16881439039177.6,NY.GDP.MKTP.CD,GDP (current US$)
T4,East Asia & Pacific (IDA & IBRD countries),2017,15097175319188.0,NY.GDP.MKTP.CD,GDP (current US$)
T4,East Asia & Pacific (IDA & IBRD countries),2016,13827255558413.7,NY.GDP.MKTP.CD,GDP (current US$)
XC,Euro area,2025,18010000307247.0,NY.GDP.MKTP.CD,GDP (current US$)
XC,Euro area,2024,16601464538082.4,NY.GDP.MKTP.CD,GDP (current US$)
XC,Euro area,2023,15957338405375.8,NY.GDP.MKTP.CD,GDP (current US$)
XC,Euro area,2022,14578675912327.5,NY.GDP.MKTP.CD,GDP (current US$)
XC,Euro area,2021,15008955622791.4,NY.GDP.MKTP.CD,GDP (current US$)
XC,Euro area,2020,13338044901392.1,NY.GDP.MKTP.CD,GDP (current US$)
XC,Euro area,2019,13658286442179.9,NY.GDP.MKTP.CD,GDP (current US$)
XC,Euro area,2018,13937879176171.9,NY.GDP.MKTP.CD,GDP (current US$)
XC,Euro area,2017,12901130483442.4,NY.GDP.MKTP.CD,GDP (current US$)
XC,Euro area,2016,12177215800581.1,NY.GDP.MKTP.CD,GDP (current US$)
Z7,Europe & Central Asia,2025,32268612230366.9,NY.GDP.MKTP.CD,GDP (current US$)
Z7,Europe & Central Asia,2024,29371366035247.0,NY.GDP.MKTP.CD,GDP (current US$)
Z7,Europe & Central Asia,2023,27758730809930.4,NY.GDP.MKTP.CD,GDP (current US$)
Z7,Europe & Central Asia,2022,25850174701132.2,NY.GDP.MKTP.CD,GDP (current US$)
Z7,Europe & Central Asia,2021,25606138714522.2,NY.GDP.MKTP.CD,GDP (current US$)
Z7,Europe & Central Asia,2020,22340802078287.1,NY.GDP.MKTP.CD,GDP (current US$)
Z7,Europe & Central Asia,2019,23089828216899.5,NY.GDP.MKTP.CD,GDP (current US$)
Z7,Europe & Central Asia,2018,23360537744962.4,NY.GDP.MKTP.CD,GDP (current US$)
Z7,Europe & Central Asia,2017,21814876277943.7,NY.GDP.MKTP.CD,GDP (current US$)
Z7,Europe & Central Asia,2016,20560352355734.8,NY.GDP.MKTP.CD,GDP (current US$)
7E,Europe & Central Asia (excluding high income),2025,2815874458069.5,NY.GDP.MKTP.CD,GDP (current US$)
7E,Europe & Central Asia (excluding high income),2024,2454291731125.3,NY.GDP.MKTP.CD,GDP (current US$)
7E,Europe & Central Asia (excluding high income),2023,2141252006536.72,NY.GDP.MKTP.CD,GDP (current US$)
7E,Europe & Central Asia (excluding high income),2022,1819829713206.56,NY.GDP.MKTP.CD,GDP (current US$)
7E,Europe & Central Asia (excluding high income),2021,1670530886782.34,NY.GDP.MKTP.CD,GDP (current US$)
7E,Europe & Central Asia (excluding high income),2020,1435629650684.1,NY.GDP.MKTP.CD,GDP (current US$)
7E,Europe & Central Asia (excluding high income),2019,1500446538705.77,NY.GDP.MKTP.CD,GDP (current US$)
7E,Europe & Central Asia (excluding high income),2018,1465381526737.36,NY.GDP.MKTP.CD,GDP (current US$)
7E,Europe & Central Asia (excluding high income),2017,1497595120805.31,NY.GDP.MKTP.CD,GDP (current US$)
7E,Europe & Central Asia (excluding high income),2016,1459048873589.79,NY.GDP.MKTP.CD,GDP (current US$)
T7,Europe & Central Asia (IDA & IBRD countries),2025,7077191807196.39,NY.GDP.MKTP.CD,GDP (current US$)
T7,Europe & Central Asia (IDA & IBRD countries),2024,6147416367408.77,NY.GDP.MKTP.CD,GDP (current US$)
T7,Europe & Central Asia (IDA & IBRD countries),2023,5535571828711.02,NY.GDP.MKTP.CD,GDP (current US$)
T7,Europe & Central Asia (IDA & IBRD countries),2022,5264957389633.5,NY.GDP.MKTP.CD,GDP (current US$)
T7,Europe & Central Asia (IDA & IBRD countries),2021,4627341470532.29,NY.GDP.MKTP.CD,GDP (current US$)
T7,Europe & Central Asia (IDA & IBRD countries),2020,3913694661148.13,NY.GDP.MKTP.CD,GDP (current US$)
T7,Europe & Central Asia (IDA & IBRD countries),2019,4176304236875.06,NY.GDP.MKTP.CD,GDP (current US$)
T7,Europe & Central Asia (IDA & IBRD countries),2018,4086887247276.34,NY.GDP.MKTP.CD,GDP (current US$)
T7,Europe & Central Asia (IDA & IBRD countries),2017,3925651486138.39,NY.GDP.MKTP.CD,GDP (current US$)
T7,Europe & Central Asia (IDA & IBRD countries),2016,3500968563901.72,NY.GDP.MKTP.CD,GDP (current US$)
EU,European Union,2025,21243212570163.3,NY.GDP.MKTP.CD,GDP (current US$)
EU,European Union,2024,19501078750999.4,NY.GDP.MKTP.CD,GDP (current US$)
EU,European Union,2023,18659279022583.3,NY.GDP.MKTP.CD,GDP (current US$)
EU,European Union,2022,17023620598906.4,NY.GDP.MKTP.CD,GDP (current US$)
EU,European Union,2021,17495257191725.6,NY.GDP.MKTP.CD,GDP (current US$)
EU,European Union,2020,15504058553907.7,NY.GDP.MKTP.CD,GDP (current US$)
EU,European Union,2019,15809077129406.2,NY.GDP.MKTP.CD,GDP (current US$)
EU,European Union,2018,16092407006604.4,NY.GDP.MKTP.CD,GDP (current US$)
EU,European Union,2017,14871316217995.7,NY.GDP.MKTP.CD,GDP (current US$)
EU,European Union,2016,13988150566298.6,NY.GDP.MKTP.CD,GDP (current US$)
XE,Heavily indebted poor countries (HIPC),2025,1285481386975.21,NY.GDP.MKTP.CD,GDP (current US$)
XE,Heavily indebted poor countries (HIPC),2024,1147966586426.9,NY.GDP.MKTP.CD,GDP (current US$)
XE,Heavily indebted poor countries (HIPC),2023,1060851525652.8,NY.GDP.MKTP.CD,GDP (current US$)
XE,Heavily indebted poor countries (HIPC),2022,1002950189402.75,NY.GDP.MKTP.CD,GDP (current US$)
XE,Heavily indebted poor countries (HIPC),2021,924437668151.095,NY.GDP.MKTP.CD,GDP (current US$)
XE,Heavily indebted poor countries (HIPC),2020,816212465074.075,NY.GDP.MKTP.CD,GDP (current US$)
XE,Heavily indebted poor countries (HIPC),2019,811080887285.088,NY.GDP.MKTP.CD,GDP (current US$)
XE,Heavily indebted poor countries (HIPC),2018,790361943446.387,NY.GDP.MKTP.CD,GDP (current US$)
XE,Heavily indebted poor countries (HIPC),2017,735134788678.557,NY.GDP.MKTP.CD,GDP (current US$)
XE,Heavily indebted poor countries (HIPC),2016,677053478623.394,NY.GDP.MKTP.CD,GDP (current US$)
XD,High income,2025,76878050747686.8,NY.GDP.MKTP.CD,GDP (current US$)
XD,High income,2024,72182761740089.2,NY.GDP.MKTP.CD,GDP (current US$)
XD,High income,2023,69198099195981.1,NY.GDP.MKTP.CD,GDP (current US$)
XD,High income,2022,65786278258965.5,NY.GDP.MKTP.CD,GDP (current US$)
XD,High income,2021,63391298085502.9,NY.GDP.MKTP.CD,GDP (current US$)
XD,High income,2020,56371361601599.7,NY.GDP.MKTP.CD,GDP (current US$)
XD,High income,2019,57773149281723.6,NY.GDP.MKTP.CD,GDP (current US$)
XD,High income,2018,57187415577395.0,NY.GDP.MKTP.CD,GDP (current US$)
XD,High income,2017,53791631491481.3,NY.GDP.MKTP.CD,GDP (current US$)
XD,High income,2016,51167643745037.1,NY.GDP.MKTP.CD,GDP (current US$)
XF,IBRD only,2025,43056359078690.0,NY.GDP.MKTP.CD,GDP (current US$)
XF,IBRD only,2024,40766443406773.0,NY.GDP.MKTP.CD,GDP (current US$)
XF,IBRD only,2023,39083500948084.9,NY.GDP.MKTP.CD,GDP (current US$)
XF,IBRD only,2022,37847494888632.6,NY.GDP.MKTP.CD,GDP (current US$)
XF,IBRD only,2021,35868904968937.8,NY.GDP.MKTP.CD,GDP (current US$)
XF,IBRD only,2020,30194051534423.9,NY.GDP.MKTP.CD,GDP (current US$)
XF,IBRD only,2019,31370912490347.0,NY.GDP.MKTP.CD,GDP (current US$)
XF,IBRD only,2018,30727224343894.0,NY.GDP.MKTP.CD,GDP (current US$)
XF,IBRD only,2017,28849480049390.9,NY.GDP.MKTP.CD,GDP (current US$)
XF,IBRD only,2016,26134891989406.5,NY.GDP.MKTP.CD,GDP (current US$)
ZT,IDA & IBRD total,2025,46251403468584.1,NY.GDP.MKTP.CD,GDP (current US$)
ZT,IDA & IBRD total,2024,43660232631553.3,NY.GDP.MKTP.CD,GDP (current US$)
ZT,IDA & IBRD total,2023,42011330091982.8,NY.GDP.MKTP.CD,GDP (current US$)
ZT,IDA & IBRD total,2022,40927482641799.6,NY.GDP.MKTP.CD,GDP (current US$)
ZT,IDA & IBRD total,2021,38735463663158.6,NY.GDP.MKTP.CD,GDP (current US$)
ZT,IDA & IBRD total,2020,32817339931222.2,NY.GDP.MKTP.CD,GDP (current US$)
ZT,IDA & IBRD total,2019,34074782748271.7,NY.GDP.MKTP.CD,GDP (current US$)
ZT,IDA & IBRD total,2018,33140778408492.4,NY.GDP.MKTP.CD,GDP (current US$)
ZT,IDA & IBRD total,2017,31121226985041.1,NY.GDP.MKTP.CD,GDP (current US$)
ZT,IDA & IBRD total,2016,28299821225498.5,NY.GDP.MKTP.CD,GDP (current US$)
XH,IDA blend,2025,1270032242274.1,NY.GDP.MKTP.CD,GDP (current US$)
XH,IDA blend,2024,1123047633991.39,NY.GDP.MKTP.CD,GDP (current US$)
XH,IDA blend,2023,1277421993702.09,NY.GDP.MKTP.CD,GDP (current US$)
XH,IDA blend,2022,1461048245644.69,NY.GDP.MKTP.CD,GDP (current US$)
XH,IDA blend,2021,1373195862361.12,NY.GDP.MKTP.CD,GDP (current US$)
XH,IDA blend,2020,1262159381015.61,NY.GDP.MKTP.CD,GDP (current US$)
XH,IDA blend,2019,1357319294877.02,NY.GDP.MKTP.CD,GDP (current US$)
XH,IDA blend,2018,1127900531096.51,NY.GDP.MKTP.CD,GDP (current US$)
XH,IDA blend,2017,1067274924059.64,NY.GDP.MKTP.CD,GDP (current US$)
XH,IDA blend,2016,1047494187995.75,NY.GDP.MKTP.CD,GDP (current US$)
XI,IDA only,2025,1925012147619.92,NY.GDP.MKTP.CD,GDP (current US$)
XI,IDA only,2024,1770741590788.96,NY.GDP.MKTP.CD,GDP (current US$)
XI,IDA only,2023,1650407150195.89,NY.GDP.MKTP.CD,GDP (current US$)
XI,IDA only,2022,1618939507522.38,NY.GDP.MKTP.CD,GDP (current US$)
XI,IDA only,2021,1493362831859.7,NY.GDP.MKTP.CD,GDP (current US$)
XI,IDA only,2020,1361129015782.66,NY.GDP.MKTP.CD,GDP (current US$)
XI,IDA only,2019,1346550963047.7,NY.GDP.MKTP.CD,GDP (current US$)
XI,IDA only,2018,1285653533501.84,NY.GDP.MKTP.CD,GDP (current US$)
XI,IDA only,2017,1204472011590.63,NY.GDP.MKTP.CD,GDP (current US$)
XI,IDA only,2016,1117435048096.23,NY.GDP.MKTP.CD,GDP (current US$)
XG,IDA total,2025,3195044389894.02,NY.GDP.MKTP.CD,GDP (current US$)
XG,IDA total,2024,2893789224780.35,NY.GDP.MKTP.CD,GDP (current US$)
XG,IDA total,2023,2927829143897.98,NY.GDP.MKTP.CD,GDP (current US$)
XG,IDA total,2022,3079987753167.07,NY.GDP.MKTP.CD,GDP (current US$)
XG,IDA total,2021,2866558694220.81,NY.GDP.MKTP.CD,GDP (current US$)
XG,IDA total,2020,2623288396798.27,NY.GDP.MKTP.CD,GDP (current US$)
XG,IDA total,2019,2703870257924.72,NY.GDP.MKTP.CD,GDP (current US$)
XG,IDA total,2018,2413554064598.36,NY.GDP.MKTP.CD,GDP (current US$)
XG,IDA total,2017,2271746935650.27,NY.GDP.MKTP.CD,GDP (current US$)
XG,IDA total,2016,2164929236091.98,NY.GDP.MKTP.CD,GDP (current US$)
V3,Late-demographic dividend,2025,31873985161936.8,NY.GDP.MKTP.CD,GDP (current US$)
V3,Late-demographic dividend,2024,29983452735875.0,NY.GDP.MKTP.CD,GDP (current US$)
V3,Late-demographic dividend,2023,28909440099233.0,NY.GDP.MKTP.CD,GDP (current US$)
V3,Late-demographic dividend,2022,28553586772075.8,NY.GDP.MKTP.CD,GDP (current US$)
V3,Late-demographic dividend,2021,27284909409699.1,NY.GDP.MKTP.CD,GDP (current US$)
V3,Late-demographic dividend,2020,22869846935930.6,NY.GDP.MKTP.CD,GDP (current US$)
V3,Late-demographic dividend,2019,23366922633045.5,NY.GDP.MKTP.CD,GDP (current US$)
V3,Late-demographic dividend,2018,22907807978183.2,NY.GDP.MKTP.CD,GDP (current US$)
V3,Late-demographic dividend,2017,20889290528064.1,NY.GDP.MKTP.CD,GDP (current US$)
V3,Late-demographic dividend,2016,18841938118214.3,NY.GDP.MKTP.CD,GDP (current US$)
ZJ,Latin America & Caribbean,2025,7395989651242.09,NY.GDP.MKTP.CD,GDP (current US$)
ZJ,Latin America & Caribbean,2024,7088767706234.51,NY.GDP.MKTP.CD,GDP (current US$)
ZJ,Latin America & Caribbean,2023,6909980461601.21,NY.GDP.MKTP.CD,GDP (current US$)
ZJ,Latin America & Caribbean,2022,6147092422711.93,NY.GDP.MKTP.CD,GDP (current US$)
ZJ,Latin America & Caribbean,2021,5383564425117.23,NY.GDP.MKTP.CD,GDP (current US$)
ZJ,Latin America & Caribbean,2020,4627829769474.15,NY.GDP.MKTP.CD,GDP (current US$)
ZJ,Latin America & Caribbean,2019,5473792638347.11,NY.GDP.MKTP.CD,GDP (current US$)
ZJ,Latin America & Caribbean,2018,5581213957025.26,NY.GDP.MKTP.CD,GDP (current US$)
ZJ,Latin America & Caribbean,2017,5715231248363.46,NY.GDP.MKTP.CD,GDP (current US$)
ZJ,Latin America & Caribbean,2016,5148783766945.08,NY.GDP.MKTP.CD,GDP (current US$)
XJ,Latin America & Caribbean (excluding high income),2025,6523496128943.99,NY.GDP.MKTP.CD,GDP (current US$)
XJ,Latin America & Caribbean (excluding high income),2024,6266421572816.08,NY.GDP.MKTP.CD,GDP (current US$)
XJ,Latin America & Caribbean (excluding high income),2023,6114807611697.98,NY.GDP.MKTP.CD,GDP (current US$)
XJ,Latin America & Caribbean (excluding high income),2022,5425723261080.83,NY.GDP.MKTP.CD,GDP (current US$)
XJ,Latin America & Caribbean (excluding high income),2021,4694652116377.4,NY.GDP.MKTP.CD,GDP (current US$)
XJ,Latin America & Caribbean (excluding high income),2020,4034164122634.89,NY.GDP.MKTP.CD,GDP (current US$)
XJ,Latin America & Caribbean (excluding high income),2019,4821625109314.74,NY.GDP.MKTP.CD,GDP (current US$)
XJ,Latin America & Caribbean (excluding high income),2018,4918723143160.92,NY.GDP.MKTP.CD,GDP (current US$)
XJ,Latin America & Caribbean (excluding high income),2017,5076766505994.78,NY.GDP.MKTP.CD,GDP (current US$)
XJ,Latin America & Caribbean (excluding high income),2016,4551782151517.8,NY.GDP.MKTP.CD,GDP (current US$)
T2,Latin America & the Caribbean (IDA & IBRD countries),2025,7050566084338.85,NY.GDP.MKTP.CD,GDP (current US$)
T2,Latin America & the Caribbean (IDA & IBRD countries),2024,6755669283863.94,NY.GDP.MKTP.CD,GDP (current US$)
T2,Latin America & the Caribbean (IDA & IBRD countries),2023,6590712953369.3,NY.GDP.MKTP.CD,GDP (current US$)
T2,Latin America & the Caribbean (IDA & IBRD countries),2022,5853946060777.18,NY.GDP.MKTP.CD,GDP (current US$)
T2,Latin America & the Caribbean (IDA & IBRD countries),2021,5119629917733.74,NY.GDP.MKTP.CD,GDP (current US$)
T2,Latin America & the Caribbean (IDA & IBRD countries),2020,4388400203662.59,NY.GDP.MKTP.CD,GDP (current US$)
T2,Latin America & the Caribbean (IDA & IBRD countries),2019,5230913289241.76,NY.GDP.MKTP.CD,GDP (current US$)
T2,Latin America & the Caribbean (IDA & IBRD countries),2018,5347169359023.49,NY.GDP.MKTP.CD,GDP (current US$)
T2,Latin America & the Caribbean (IDA & IBRD countries),2017,5482938029714.53,NY.GDP.MKTP.CD,GDP (current US$)
T2,Latin America & the Caribbean (IDA & IBRD countries),2016,4922127744500.54,NY.GDP.MKTP.CD,GDP (current US$)
XL,Least developed countries: UN classification,2025,1653686211542.1,NY.GDP.MKTP.CD,GDP (current US$)
XL,Least developed countries: UN classification,2024,1542009429614.64,NY.GDP.MKTP.CD,GDP (current US$)
XL,Least developed countries: UN classification,2023,1459140154701.04,NY.GDP.MKTP.CD,GDP (current US$)
XL,Least developed countries: UN classification,2022,1471699265269.38,NY.GDP.MKTP.CD,GDP (current US$)
XL,Least developed countries: UN classification,2021,1302642870995.53,NY.GDP.MKTP.CD,GDP (current US$)
XL,Least developed countries: UN classification,2020,1179620504897.32,NY.GDP.MKTP.CD,GDP (current US$)
XL,Least developed countries: UN classification,2019,1169533458405.7,NY.GDP.MKTP.CD,GDP (current US$)
XL,Least developed countries: UN classification,2018,1117321176649.3,NY.GDP.MKTP.CD,GDP (current US$)
XL,Least developed countries: UN classification,2017,1045823616290.85,NY.GDP.MKTP.CD,GDP (current US$)
XL,Least developed countries: UN classification,2016,953366743642.222,NY.GDP.MKTP.CD,GDP (current US$)
XO,Low & middle income,2025,41478597585191.8,NY.GDP.MKTP.CD,GDP (current US$)
XO,Low & middle income,2024,39490940514619.9,NY.GDP.MKTP.CD,GDP (current US$)
XO,Low & middle income,2023,38155314219988.0,NY.GDP.MKTP.CD,GDP (current US$)
XO,Low & middle income,2022,37082867531465.4,NY.GDP.MKTP.CD,GDP (current US$)
XO,Low & middle income,2021,35394243111591.4,NY.GDP.MKTP.CD,GDP (current US$)
XO,Low & middle income,2020,30018039872473.6,NY.GDP.MKTP.CD,GDP (current US$)
XO,Low & middle income,2019,31024374981412.2,NY.GDP.MKTP.CD,GDP (current US$)
XO,Low & middle income,2018,30124203119691.2,NY.GDP.MKTP.CD,GDP (current US$)
XO,Low & middle income,2017,28319199325293.0,NY.GDP.MKTP.CD,GDP (current US$)
XO,Low & middle income,2016,25917599955464.9,NY.GDP.MKTP.CD,GDP (current US$)
XM,Low income,2025,642666054939.502,NY.GDP.MKTP.CD,GDP (current US$)
XM,Low income,2024,604073322373.381,NY.GDP.MKTP.CD,GDP (current US$)
XM,Low income,2023,556751023235.15,NY.GDP.MKTP.CD,GDP (current US$)
XM,Low income,2022,551297424575.574,NY.GDP.MKTP.CD,GDP (current US$)
XM,Low income,2021,478460336870.115,NY.GDP.MKTP.CD,GDP (current US$)
XM,Low income,2020,432817676605.734,NY.GDP.MKTP.CD,GDP (current US$)
XM,Low income,2019,437739709828.987,NY.GDP.MKTP.CD,GDP (current US$)
XM,Low income,2018,419119394353.818,NY.GDP.MKTP.CD,GDP (current US$)
XM,Low income,2017,397551358031.57,NY.GDP.MKTP.CD,GDP (current US$)
XM,Low income,2016,380272235825.794,NY.GDP.MKTP.CD,GDP (current US$)
XN,Lower middle income,2025,7308505375623.13,NY.GDP.MKTP.CD,GDP (current US$)
XN,Lower middle income,2024,6844419877130.65,NY.GDP.MKTP.CD,GDP (current US$)
XN,Lower middle income,2023,6657563548498.26,NY.GDP.MKTP.CD,GDP (current US$)
XN,Lower middle income,2022,6650563380806.73,NY.GDP.MKTP.CD,GDP (current US$)
XN,Lower middle income,2021,6296557254947.16,NY.GDP.MKTP.CD,GDP (current US$)
XN,Lower middle income,2020,5514802410559.2,NY.GDP.MKTP.CD,GDP (current US$)
XN,Lower middle income,2019,5765837056238.6,NY.GDP.MKTP.CD,GDP (current US$)
XN,Lower middle income,2018,5340385058603.99,NY.GDP.MKTP.CD,GDP (current US$)
XN,Lower middle income,2017,5150492310089.6,NY.GDP.MKTP.CD,GDP (current US$)
XN,Lower middle income,2016,4746990113057.58,NY.GDP.MKTP.CD,GDP (current US$)
ZQ,"Middle East, North Africa, Afghanistan & Pakistan",2025,5135569539885.64,NY.GDP.MKTP.CD,GDP (current US$)
ZQ,"Middle East, North Africa, Afghanistan & Pakistan",2024,5103019931842.71,NY.GDP.MKTP.CD,GDP (current US$)
ZQ,"Middle East, North Africa, Afghanistan & Pakistan",2023,4902253052059.01,NY.GDP.MKTP.CD,GDP (current US$)
ZQ,"Middle East, North Africa, Afghanistan & Pakistan",2022,5035779695254.83,NY.GDP.MKTP.CD,GDP (current US$)
ZQ,"Middle East, North Africa, Afghanistan & Pakistan",2021,4315472921456.39,NY.GDP.MKTP.CD,GDP (current US$)
ZQ,"Middle East, North Africa, Afghanistan & Pakistan",2020,3592277157538.87,NY.GDP.MKTP.CD,GDP (current US$)
ZQ,"Middle East, North Africa, Afghanistan & Pakistan",2019,4022588786208.41,NY.GDP.MKTP.CD,GDP (current US$)
ZQ,"Middle East, North Africa, Afghanistan & Pakistan",2018,4053744446046.43,NY.GDP.MKTP.CD,GDP (current US$)
ZQ,"Middle East, North Africa, Afghanistan & Pakistan",2017,3798189271504.22,NY.GDP.MKTP.CD,GDP (current US$)
ZQ,"Middle East, North Africa, Afghanistan & Pakistan",2016,3627179370571.64,NY.GDP.MKTP.CD,GDP (current US$)
XQ,"Middle East, North Africa, Afghanistan & Pakistan (excluding high income)",2025,2132889870483.32,NY.GDP.MKTP.CD,GDP (current US$)
XQ,"Middle East, North Africa, Afghanistan & Pakistan (excluding high income)",2024,2197681462518.61,NY.GDP.MKTP.CD,GDP (current US$)
XQ,"Middle East, North Africa, Afghanistan & Pakistan (excluding high income)",2023,2094194824252.19,NY.GDP.MKTP.CD,GDP (current US$)
XQ,"Middle East, North Africa, Afghanistan & Pakistan (excluding high income)",2022,2165681910516.43,NY.GDP.MKTP.CD,GDP (current US$)
XQ,"Middle East, North Africa, Afghanistan & Pakistan (excluding high income)",2021,1944658742702.15,NY.GDP.MKTP.CD,GDP (current US$)
XQ,"Middle East, North Africa, Afghanistan & Pakistan (excluding high income)",2020,1672646665964.66,NY.GDP.MKTP.CD,GDP (current US$)
XQ,"Middle East, North Africa, Afghanistan & Pakistan (excluding high income)",2019,1838491544905.83,NY.GDP.MKTP.CD,GDP (current US$)
XQ,"Middle East, North Africa, Afghanistan & Pakistan (excluding high income)",2018,1881940334175.63,NY.GDP.MKTP.CD,GDP (current US$)
XQ,"Middle East, North Africa, Afghanistan & Pakistan (excluding high income)",2017,1882187717766.39,NY.GDP.MKTP.CD,GDP (current US$)
XQ,"Middle East, North Africa, Afghanistan & Pakistan (excluding high income)",2016,1852920687942.14,NY.GDP.MKTP.CD,GDP (current US$)
T3,"Middle East, North Africa, Afghanistan & Pakistan (IDA & IBRD)",2025,2115722770483.32,NY.GDP.MKTP.CD,GDP (current US$)
T3,"Middle East, North Africa, Afghanistan & Pakistan (IDA & IBRD)",2024,2181664562518.61,NY.GDP.MKTP.CD,GDP (current US$)
T3,"Middle East, North Africa, Afghanistan & Pakistan (IDA & IBRD)",2023,2075559724252.19,NY.GDP.MKTP.CD,GDP (current US$)
T3,"Middle East, North Africa, Afghanistan & Pakistan (IDA & IBRD)",2022,2146516410516.43,NY.GDP.MKTP.CD,GDP (current US$)
T3,"Middle East, North Africa, Afghanistan & Pakistan (IDA & IBRD)",2021,1926549742702.15,NY.GDP.MKTP.CD,GDP (current US$)
T3,"Middle East, North Africa, Afghanistan & Pakistan (IDA & IBRD)",2020,1657114965964.66,NY.GDP.MKTP.CD,GDP (current US$)
T3,"Middle East, North Africa, Afghanistan & Pakistan (IDA & IBRD)",2019,1821358044905.83,NY.GDP.MKTP.CD,GDP (current US$)
T3,"Middle East, North Africa, Afghanistan & Pakistan (IDA & IBRD)",2018,1865663734175.63,NY.GDP.MKTP.CD,GDP (current US$)
T3,"Middle East, North Africa, Afghanistan & Pakistan (IDA & IBRD)",2017,1866059717766.39,NY.GDP.MKTP.CD,GDP (current US$)
T3,"Middle East, North Africa, Afghanistan & Pakistan (IDA & IBRD)",2016,1837515287942.14,NY.GDP.MKTP.CD,GDP (current US$)
XP,Middle income,2025,40836798203180.8,NY.GDP.MKTP.CD,GDP (current US$)
XP,Middle income,2024,38887384674053.3,NY.GDP.MKTP.CD,GDP (current US$)
XP,Middle income,2023,37598001937865.0,NY.GDP.MKTP.CD,GDP (current US$)
XP,Middle income,2022,36531426959364.9,NY.GDP.MKTP.CD,GDP (current US$)
XP,Middle income,2021,34913762453380.2,NY.GDP.MKTP.CD,GDP (current US$)
XP,Middle income,2020,29584575558650.2,NY.GDP.MKTP.CD,GDP (current US$)
XP,Middle income,2019,30585555169458.0,NY.GDP.MKTP.CD,GDP (current US$)
XP,Middle income,2018,29703780736503.7,NY.GDP.MKTP.CD,GDP (current US$)
XP,Middle income,2017,27920575307382.3,NY.GDP.MKTP.CD,GDP (current US$)
XP,Middle income,2016,25537051889993.7,NY.GDP.MKTP.CD,GDP (current US$)
XU,North America,2025,33099237425506.2,NY.GDP.MKTP.CD,GDP (current US$)
XU,North America,2024,31577283688683.4,NY.GDP.MKTP.CD,GDP (current US$)
XU,North America,2023,30016713196347.4,NY.GDP.MKTP.CD,GDP (current US$)
XU,North America,2022,28262944669046.3,NY.GDP.MKTP.CD,GDP (current US$)
XU,North America,2021,25755312987896.8,NY.GDP.MKTP.CD,GDP (current US$)
XU,North America,2020,23037855330882.0,NY.GDP.MKTP.CD,GDP (current US$)
XU,North America,2019,23291134417156.9,NY.GDP.MKTP.CD,GDP (current US$)
XU,North America,2018,22389072713237.7,NY.GDP.MKTP.CD,GDP (current US$)
XU,North America,2017,21268513812514.6,NY.GDP.MKTP.CD,GDP (current US$)
XU,North America,2016,20339809161640.9,NY.GDP.MKTP.CD,GDP (current US$)
XY,Not classified,2025,,NY.GDP.MKTP.CD,GDP (current US$)
XY,Not classified,2024,,NY.GDP.MKTP.CD,GDP (current US$)
XY,Not classified,2023,,NY.GDP.MKTP.CD,GDP (current US$)
XY,Not classified,2022,,NY.GDP.MKTP.CD,GDP (current US$)
XY,Not classified,2021,,NY.GDP.MKTP.CD,GDP (current US$)
XY,Not classified,2020,,NY.GDP.MKTP.CD,GDP (current US$)
XY,Not classified,2019,,NY.GDP.MKTP.CD,GDP (current US$)
XY,Not classified,2018,,NY.GDP.MKTP.CD,GDP (current US$)
XY,Not classified,2017,,NY.GDP.MKTP.CD,GDP (current US$)
XY,Not classified,2016,,NY.GDP.MKTP.CD,GDP (current US$)
OE,OECD members,2025,72543267888365.3,NY.GDP.MKTP.CD,GDP (current US$)
OE,OECD members,2024,68279421598473.9,NY.GDP.MKTP.CD,GDP (current US$)
OE,OECD members,2023,65416979138062.7,NY.GDP.MKTP.CD,GDP (current US$)
OE,OECD members,2022,61286449816069.9,NY.GDP.MKTP.CD,GDP (current US$)
OE,OECD members,2021,59666281326989.0,NY.GDP.MKTP.CD,GDP (current US$)
OE,OECD members,2020,53331159716240.7,NY.GDP.MKTP.CD,GDP (current US$)
OE,OECD members,2019,54485019277771.0,NY.GDP.MKTP.CD,GDP (current US$)
OE,OECD members,2018,53918014151383.0,NY.GDP.MKTP.CD,GDP (current US$)
OE,OECD members,2017,50962966454996.4,NY.GDP.MKTP.CD,GDP (current US$)
OE,OECD members,2016,48791020854023.8,NY.GDP.MKTP.CD,GDP (current US$)
S4,Other small states,2025,228636677706.691,NY.GDP.MKTP.CD,GDP (current US$)
S4,Other small states,2024,208356256433.884,NY.GDP.MKTP.CD,GDP (current US$)
S4,Other small states,2023,196776788550.521,NY.GDP.MKTP.CD,GDP (current US$)
S4,Other small states,2022,181929859029.679,NY.GDP.MKTP.CD,GDP (current US$)
S4,Other small states,2021,172054189148.087,NY.GDP.MKTP.CD,GDP (current US$)
S4,Other small states,2020,146178019948.381,NY.GDP.MKTP.CD,GDP (current US$)
S4,Other small states,2019,158537272264.689,NY.GDP.MKTP.CD,GDP (current US$)
S4,Other small states,2018,158084162753.728,NY.GDP.MKTP.CD,GDP (current US$)
S4,Other small states,2017,143284638053.643,NY.GDP.MKTP.CD,GDP (current US$)
S4,Other small states,2016,128159306240.899,NY.GDP.MKTP.CD,GDP (current US$)
S2,Pacific island small states,2025,13005809518.6945,NY.GDP.MKTP.CD,GDP (current US$)
S2,Pacific island small states,2024,12328647285.5226,NY.GDP.MKTP.CD,GDP (current US$)
S2,Pacific island small states,2023,11293798175.2794,NY.GDP.MKTP.CD,GDP (current US$)
S2,Pacific island small states,2022,10469882963.8981,NY.GDP.MKTP.CD,GDP (current US$)
S2,Pacific island small states,2021,9575143114.30798,NY.GDP.MKTP.CD,GDP (current US$)
S2,Pacific island small states,2020,9428309122.8276,NY.GDP.MKTP.CD,GDP (current US$)
S2,Pacific island small states,2019,10750020320.3809,NY.GDP.MKTP.CD,GDP (current US$)
S2,Pacific island small states,2018,10918390849.5149,NY.GDP.MKTP.CD,GDP (current US$)
S2,Pacific island small states,2017,10408975105.1516,NY.GDP.MKTP.CD,GDP (current US$)
S2,Pacific island small states,2016,9660620527.27464,NY.GDP.MKTP.CD,GDP (current US$)
V4,Post-demographic dividend,2025,67379697065259.9,NY.GDP.MKTP.CD,GDP (current US$)
V4,Post-demographic dividend,2024,63619224251453.8,NY.GDP.MKTP.CD,GDP (current US$)
V4,Post-demographic dividend,2023,61116976921687.7,NY.GDP.MKTP.CD,GDP (current US$)
V4,Post-demographic dividend,2022,57655583144884.1,NY.GDP.MKTP.CD,GDP (current US$)
V4,Post-demographic dividend,2021,56312999693620.9,NY.GDP.MKTP.CD,GDP (current US$)
V4,Post-demographic dividend,2020,50460094948336.7,NY.GDP.MKTP.CD,GDP (current US$)
V4,Post-demographic dividend,2019,51425400491830.9,NY.GDP.MKTP.CD,GDP (current US$)
V4,Post-demographic dividend,2018,50874931441807.4,NY.GDP.MKTP.CD,GDP (current US$)
V4,Post-demographic dividend,2017,48003116664049.3,NY.GDP.MKTP.CD,GDP (current US$)
V4,Post-demographic dividend,2016,46016102013930.7,NY.GDP.MKTP.CD,GDP (current US$)
V1,Pre-demographic dividend,2025,1665770125125.75,NY.GDP.MKTP.CD,GDP (current US$)
V1,Pre-demographic dividend,2024,1516630881743.9,NY.GDP.MKTP.CD,GDP (current US$)
V1,Pre-demographic dividend,2023,1679661211478.96,NY.GDP.MKTP.CD,GDP (current US$)
V1,Pre-demographic dividend,2022,1857970259244.7,NY.GDP.MKTP.CD,GDP (current US$)
V1,Pre-demographic dividend,2021,1632692476237.58,NY.GDP.MKTP.CD,GDP (current US$)
V1,Pre-demographic dividend,2020,1493808964934.18,NY.GDP.MKTP.CD,GDP (current US$)
V1,Pre-demographic dividend,2019,1634623930442.19,NY.GDP.MKTP.CD,GDP (current US$)
V1,Pre-demographic dividend,2018,1372992333739.42,NY.GDP.MKTP.CD,GDP (current US$)
V1,Pre-demographic dividend,2017,1234012453109.89,NY.GDP.MKTP.CD,GDP (current US$)
V1,Pre-demographic dividend,2016,1179646343672.88,NY.GDP.MKTP.CD,GDP (current US$)
S1,Small states,2025,337311651764.509,NY.GDP.MKTP.CD,GDP (current US$)
S1,Small states,2024,311165525991.05,NY.GDP.MKTP.CD,GDP (current US$)
S1,Small states,2023,287664662032.448,NY.GDP.MKTP.CD,GDP (current US$)
S1,Small states,2022,270875639826.53,NY.GDP.MKTP.CD,GDP (current US$)
S1,Small states,2021,244321758053.768,NY.GDP.MKTP.CD,GDP (current US$)
S1,Small states,2020,208945862118.581,NY.GDP.MKTP.CD,GDP (current US$)
S1,Small states,2019,231472341497.406,NY.GDP.MKTP.CD,GDP (current US$)
S1,Small states,2018,230253786373.11,NY.GDP.MKTP.CD,GDP (current US$)
S1,Small states,2017,213547946193.144,NY.GDP.MKTP.CD,GDP (current US$)
S1,Small states,2016,195897524567.684,NY.GDP.MKTP.CD,GDP (current US$)
8S,South Asia,2025,4578021773987.28,NY.GDP.MKTP.CD,GDP (current US$)
8S,South Asia,2024,4364256137661.4,NY.GDP.MKTP.CD,GDP (current US$)
8S,South Asia,2023,4073084906363.46,NY.GDP.MKTP.CD,GDP (current US$)
8S,South Asia,2022,3834471492016.05,NY.GDP.MKTP.CD,GDP (current US$)
8S,South Asia,2021,3717045071947.61,NY.GDP.MKTP.CD,GDP (current US$)
8S,South Asia,2020,3172770463540.28,NY.GDP.MKTP.CD,GDP (current US$)
8S,South Asia,2019,3318484576408.75,NY.GDP.MKTP.CD,GDP (current US$)
8S,South Asia,2018,3159841615195.03,NY.GDP.MKTP.CD,GDP (current US$)
8S,South Asia,2017,3075955433025.62,NY.GDP.MKTP.CD,GDP (current US$)
8S,South Asia,2016,2679313169084.49,NY.GDP.MKTP.CD,GDP (current US$)
T5,South Asia (IDA & IBRD),2025,4578021773987.28,NY.GDP.MKTP.CD,GDP (current US$)
T5,South Asia (IDA & IBRD),2024,4364256137661.4,NY.GDP.MKTP.CD,GDP (current US$)
T5,South Asia (IDA & IBRD),2023,4073084906363.46,NY.GDP.MKTP.CD,GDP (current US$)
T5,South Asia (IDA & IBRD),2022,3834471492016.05,NY.GDP.MKTP.CD,GDP (current US$)
T5,South Asia (IDA & IBRD),2021,3717045071947.61,NY.GDP.MKTP.CD,GDP (current US$)
T5,South Asia (IDA & IBRD),2020,3172770463540.28,NY.GDP.MKTP.CD,GDP (current US$)
T5,South Asia (IDA & IBRD),2019,3318484576408.75,NY.GDP.MKTP.CD,GDP (current US$)
T5,South Asia (IDA & IBRD),2018,3159841615195.03,NY.GDP.MKTP.CD,GDP (current US$)
T5,South Asia (IDA & IBRD),2017,3075955433025.62,NY.GDP.MKTP.CD,GDP (current US$)
T5,South Asia (IDA & IBRD),2016,2679313169084.49,NY.GDP.MKTP.CD,GDP (current US$)
ZG,Sub-Saharan Africa,2025,2211221046102.8,NY.GDP.MKTP.CD,GDP (current US$)
ZG,Sub-Saharan Africa,2024,1989931102034.87,NY.GDP.MKTP.CD,GDP (current US$)
ZG,Sub-Saharan Africa,2023,2117602210170.5,NY.GDP.MKTP.CD,GDP (current US$)
ZG,Sub-Saharan Africa,2022,2290209566620.26,NY.GDP.MKTP.CD,GDP (current US$)
ZG,Sub-Saharan Africa,2021,2139729978109.87,NY.GDP.MKTP.CD,GDP (current US$)
ZG,Sub-Saharan Africa,2020,1902234301367.38,NY.GDP.MKTP.CD,GDP (current US$)
ZG,Sub-Saharan Africa,2019,2045881962739.73,NY.GDP.MKTP.CD,GDP (current US$)
ZG,Sub-Saharan Africa,2018,1799777413644.27,NY.GDP.MKTP.CD,GDP (current US$)
ZG,Sub-Saharan Africa,2017,1673446999208.25,NY.GDP.MKTP.CD,GDP (current US$)
ZG,Sub-Saharan Africa,2016,1532640901655.94,NY.GDP.MKTP.CD,GDP (current US$)
ZF,Sub-Saharan Africa (excluding high income),2025,2208834023249.31,NY.GDP.MKTP.CD,GDP (current US$)
ZF,Sub-Saharan Africa (excluding high income),2024,1987702493350.57,NY.GDP.MKTP.CD,GDP (current US$)
ZF,Sub-Saharan Africa (excluding high income),2023,2115430662235.11,NY.GDP.MKTP.CD,GDP (current US$)
ZF,Sub-Saharan Africa (excluding high income),2022,2288209678021.0,NY.GDP.MKTP.CD,GDP (current US$)
ZF,Sub-Saharan Africa (excluding high income),2021,2138242804315.06,NY.GDP.MKTP.CD,GDP (current US$)
ZF,Sub-Saharan Africa (excluding high income),2020,1900851749615.81,NY.GDP.MKTP.CD,GDP (current US$)
ZF,Sub-Saharan Africa (excluding high income),2019,2044013272643.0,NY.GDP.MKTP.CD,GDP (current US$)
ZF,Sub-Saharan Africa (excluding high income),2018,1797993099717.5,NY.GDP.MKTP.CD,GDP (current US$)
ZF,Sub-Saharan Africa (excluding high income),2017,1671771628567.24,NY.GDP.MKTP.CD,GDP (current US$)
ZF,Sub-Saharan Africa (excluding high income),2016,1531072388307.79,NY.GDP.MKTP.CD,GDP (current US$)
T6,Sub-Saharan Africa (IDA & IBRD countries),2025,2211221046102.8,NY.GDP.MKTP.CD,GDP (current US$)
T6,Sub-Saharan Africa (IDA & IBRD countries),2024,1989931102034.87,NY.GDP.MKTP.CD,GDP (current US$)
T6,Sub-Saharan Africa (IDA & IBRD countries),2023,2117602210170.5,NY.GDP.MKTP.CD,GDP (current US$)
T6,Sub-Saharan Africa (IDA & IBRD countries),2022,2290209566620.26,NY.GDP.MKTP.CD,GDP (current US$)
T6,Sub-Saharan Africa (IDA & IBRD countries),2021,2139729978109.87,NY.GDP.MKTP.CD,GDP (current US$)
T6,Sub-Saharan Africa (IDA & IBRD countries),2020,1902234301367.38,NY.GDP.MKTP.CD,GDP (current US$)
T6,Sub-Saharan Africa (IDA & IBRD countries),2019,2045881962739.73,NY.GDP.MKTP.CD,GDP (current US$)
T6,Sub-Saharan Africa (IDA & IBRD countries),2018,1799777413644.27,NY.GDP.MKTP.CD,GDP (current US$)
T6,Sub-Saharan Africa (IDA & IBRD countries),2017,1673446999208.25,NY.GDP.MKTP.CD,GDP (current US$)
T6,Sub-Saharan Africa (IDA & IBRD countries),2016,1532640901655.94,NY.GDP.MKTP.CD,GDP (current US$)
XT,Upper middle income,2025,33529653863548.8,NY.GDP.MKTP.CD,GDP (current US$)
XT,Upper middle income,2024,32044776966659.1,NY.GDP.MKTP.CD,GDP (current US$)
XT,Upper middle income,2023,30942010900869.1,NY.GDP.MKTP.CD,GDP (current US$)
XT,Upper middle income,2022,29881576742720.3,NY.GDP.MKTP.CD,GDP (current US$)
XT,Upper middle income,2021,28618153386292.8,NY.GDP.MKTP.CD,GDP (current US$)
XT,Upper middle income,2020,24069773148091.0,NY.GDP.MKTP.CD,GDP (current US$)
XT,Upper middle income,2019,24819718113219.4,NY.GDP.MKTP.CD,GDP (current US$)
XT,Upper middle income,2018,24363395677899.7,NY.GDP.MKTP.CD,GDP (current US$)
XT,Upper middle income,2017,22770082997292.7,NY.GDP.MKTP.CD,GDP (current US$)
XT,Upper middle income,2016,20790061776936.1,NY.GDP.MKTP.CD,GDP (current US$)
1W,World,2025,118350166039396.0,NY.GDP.MKTP.CD,GDP (current US$)
1W,World,2024,111669432109121.0,NY.GDP.MKTP.CD,GDP (current US$)
1W,World,2023,107348614073350.0,NY.GDP.MKTP.CD,GDP (current US$)
1W,World,2022,102862471365575.0,NY.GDP.MKTP.CD,GDP (current US$)
1W,World,2021,98780038374127.0,NY.GDP.MKTP.CD,GDP (current US$)
1W,World,2020,86388502867289.2,NY.GDP.MKTP.CD,GDP (current US$)
1W,World,2019,88796498078977.7,NY.GDP.MKTP.CD,GDP (current US$)
1W,World,2018,87310840056717.8,NY.GDP.MKTP.CD,GDP (current US$)
1W,World,2017,82110104984460.0,NY.GDP.MKTP.CD,GDP (current US$)
1W,World,2016,77084966373474.0,NY.GDP.MKTP.CD,GDP (current US$)
AF,Afghanistan,2025,,NY.GDP.MKTP.CD,GDP (current US$)
AF,Afghanistan,2024,17778508875.7396,NY.GDP.MKTP.CD,GDP (current US$)
AF,Afghanistan,2023,17152234636.8715,NY.GDP.MKTP.CD,GDP (current US$)
AF,Afghanistan,2022,14497243872.1337,NY.GDP.MKTP.CD,GDP (current US$)
AF,Afghanistan,2021,14259995441.0759,NY.GDP.MKTP.CD,GDP (current US$)
AF,Afghanistan,2020,19955929052.1496,NY.GDP.MKTP.CD,GDP (current US$)
AF,Afghanistan,2019,18799444490.1128,NY.GDP.MKTP.CD,GDP (current US$)
AF,Afghanistan,2018,18053222687.4126,NY.GDP.MKTP.CD,GDP (current US$)
AF,Afghanistan,2017,18753456497.8159,NY.GDP.MKTP.CD,GDP (current US$)
AF,Afghanistan,2016,18116572395.0772,NY.GDP.MKTP.CD,GDP (current US$)
AL,Albania,2025,30540188271.3421,NY.GDP.MKTP.CD,GDP (current US$)
AL,Albania,2024,27037474263.2977,NY.GDP.MKTP.CD,GDP (current US$)
AL,Albania,2023,23491242727.4082,NY.GDP.MKTP.CD,GDP (current US$)
AL,Albania,2022,19017247013.8821,NY.GDP.MKTP.CD,GDP (current US$)
AL,Albania,2021,18031989573.0294,NY.GDP.MKTP.CD,GDP (current US$)
AL,Albania,2020,15241458744.5927,NY.GDP.MKTP.CD,GDP (current US$)
AL,Albania,2019,15585111614.0376,NY.GDP.MKTP.CD,GDP (current US$)
AL,Albania,2018,15379508329.7568,NY.GDP.MKTP.CD,GDP (current US$)
AL,Albania,2017,13258268435.6048,NY.GDP.MKTP.CD,GDP (current US$)
AL,Albania,2016,11988668784.6628,NY.GDP.MKTP.CD,GDP (current US$)
DZ,Algeria,2025,287031225987.736,NY.GDP.MKTP.CD,GDP (current US$)
DZ,Algeria,2024,269322281664.773,NY.GDP.MKTP.CD,GDP (current US$)
DZ,Algeria,2023,247923887214.655,NY.GDP.MKTP.CD,GDP (current US$)
DZ,Algeria,2022,225581644702.568,NY.GDP.MKTP.CD,GDP (current US$)
DZ,Algeria,2021,186231205262.082,NY.GDP.MKTP.CD,GDP (current US$)
DZ,Algeria,2020,164873415325.201,NY.GDP.MKTP.CD,GDP (current US$)
DZ,Algeria,2019,193459662090.677,NY.GDP.MKTP.CD,GDP (current US$)
DZ,Algeria,2018,194554483655.528,NY.GDP.MKTP.CD,GDP (current US$)
DZ,Algeria,2017,189880896903.073,NY.GDP.MKTP.CD,GDP (current US$)
DZ,Algeria,2016,180763839522.151,NY.GDP.MKTP.CD,GDP (current US$)
AS,American Samoa,2025,,NY.GDP.MKTP.CD,GDP (current US$)
AS,American Samoa,2024,,NY.GDP.MKTP.CD,GDP (current US$)
AS,American Samoa,2023,,NY.GDP.MKTP.CD,GDP (current US$)
AS,American Samoa,2022,871000000.0,NY.GDP.MKTP.CD,GDP (current US$)
AS,American Samoa,2021,750000000.0,NY.GDP.MKTP.CD,GDP (current US$)
AS,American Samoa,2020,721000000.0,NY.GDP.MKTP.CD,GDP (current US$)
AS,American Samoa,2019,647000000.0,NY.GDP.MKTP.CD,GDP (current US$)
AS,American Samoa,2018,639000000.0,NY.GDP.MKTP.CD,GDP (current US$)
AS,American Samoa,2017,612000000.0,NY.GDP.MKTP.CD,GDP (current US$)
AS,American Samoa,2016,671000000.0,NY.GDP.MKTP.CD,GDP (current US$)
AD,Andorra,2025,4500982731.80784,NY.GDP.MKTP.CD,GDP (current US$)
AD,Andorra,2024,4044249678.65625,NY.GDP.MKTP.CD,GDP (current US$)
AD,Andorra,2023,3785067331.88242,NY.GDP.MKTP.CD,GDP (current US$)
AD,Andorra,2022,3380612573.4825,NY.GDP.MKTP.CD,GDP (current US$)
AD,Andorra,2021,3324647529.41855,NY.GDP.MKTP.CD,GDP (current US$)
AD,Andorra,2020,2891001149.40079,NY.GDP.MKTP.CD,GDP (current US$)
AD,Andorra,2019,3155149347.92156,NY.GDP.MKTP.CD,GDP (current US$)
AD,Andorra,2018,3218419896.93333,NY.GDP.MKTP.CD,GDP (current US$)
AD,Andorra,2017,3000162081.22353,NY.GDP.MKTP.CD,GDP (current US$)
AD,Andorra,2016,2896610479.86771,NY.GDP.MKTP.CD,GDP (current US$)
AO,Angola,2025,122174889423.635,NY.GDP.MKTP.CD,GDP (current US$)
AO,Angola,2024,103080538044.058,NY.GDP.MKTP.CD,GDP (current US$)
AO,Angola,2023,106042349567.303,NY.GDP.MKTP.CD,GDP (current US$)
AO,Angola,2022,128233959333.275,NY.GDP.MKTP.CD,GDP (current US$)
AO,Angola,2021,78283923543.8237,NY.GDP.MKTP.CD,GDP (current US$)
AO,Angola,2020,58512033805.8981,NY.GDP.MKTP.CD,GDP (current US$)
AO,Angola,2019,81193813808.0382,NY.GDP.MKTP.CD,GDP (current US$)
AO,Angola,2018,90506061877.2765,NY.GDP.MKTP.CD,GDP (current US$)
AO,Angola,2017,85629598654.1906,NY.GDP.MKTP.CD,GDP (current US$)
AO,Angola,2016,60770049747.3832,NY.GDP.MKTP.CD,GDP (current US$)
AG,Antigua and Barbuda,2025,2338196296.2963,NY.GDP.MKTP.CD,GDP (current US$)
AG,Antigua and Barbuda,2024,2162366666.66667,NY.GDP.MKTP.CD,GDP (current US$)
AG,Antigua and Barbuda,2023,2054096296.2963,NY.GDP.MKTP.CD,GDP (current US$)
AG,Antigua and Barbuda,2022,1857114814.81481,NY.GDP.MKTP.CD,GDP (current US$)
AG,Antigua and Barbuda,2021,1602125925.92593,NY.GDP.MKTP.CD,GDP (current US$)
AG,Antigua and Barbuda,2020,1411637037.03704,NY.GDP.MKTP.CD,GDP (current US$)
AG,Antigua and Barbuda,2019,1726448148.14815,NY.GDP.MKTP.CD,GDP (current US$)
AG,Antigua and Barbuda,2018,1661529629.62963,NY.GDP.MKTP.CD,GDP (current US$)
AG,Antigua and Barbuda,2017,1534855555.55556,NY.GDP.MKTP.CD,GDP (current US$)
AG,Antigua and Barbuda,2016,1489603703.7037,NY.GDP.MKTP.CD,GDP (current US$)
AR,Argentina,2025,683097891618.597,NY.GDP.MKTP.CD,GDP (current US$)
AR,Argentina,2024,638365455340.04,NY.GDP.MKTP.CD,GDP (current US$)
AR,Argentina,2023,649461687959.174,NY.GDP.MKTP.CD,GDP (current US$)
AR,Argentina,2022,633993756301.08,NY.GDP.MKTP.CD,GDP (current US$)
AR,Argentina,2021,486564085480.036,NY.GDP.MKTP.CD,GDP (current US$)
AR,Argentina,2020,385740508436.965,NY.GDP.MKTP.CD,GDP (current US$)
AR,Argentina,2019,447754683615.225,NY.GDP.MKTP.CD,GDP (current US$)
AR,Argentina,2018,524819892360.176,NY.GDP.MKTP.CD,GDP (current US$)
AR,Argentina,2017,643628393281.364,NY.GDP.MKTP.CD,GDP (current US$)
AR,Argentina,2016,557532320662.955,NY.GDP.MKTP.CD,GDP (current US$)
AM,Armenia,2025,29243452882.3545,NY.GDP.MKTP.CD,GDP (current US$)
AM,Armenia,2024,25955275380.0321,NY.GDP.MKTP.CD,GDP (current US$)
AM,Armenia,2023,24185982215.6543,NY.GDP.MKTP.CD,GDP (current US$)
AM,Armenia,2022,19513506553.1251,NY.GDP.MKTP.CD,GDP (current US$)
AM,Armenia,2021,13878908628.9378,NY.GDP.MKTP.CD,GDP (current US$)
AM,Armenia,2020,12641698583.2152,NY.GDP.MKTP.CD,GDP (current US$)
AM,Armenia,2019,13619290539.2116,NY.GDP.MKTP.CD,GDP (current US$)
AM,Armenia,2018,12457940694.7395,NY.GDP.MKTP.CD,GDP (current US$)
AM,Armenia,2017,11527458709.0158,NY.GDP.MKTP.CD,GDP (current US$)
AM,Armenia,2016,10546136235.5219,NY.GDP.MKTP.CD,GDP (current US$)
AW,Aruba,2025,,NY.GDP.MKTP.CD,GDP (current US$)
AW,Aruba,2024,4167588070.29217,NY.GDP.MKTP.CD,GDP (current US$)
AW,Aruba,2023,3746573413.07565,NY.GDP.MKTP.CD,GDP (current US$)
AW,Aruba,2022,3326671314.7742,NY.GDP.MKTP.CD,GDP (current US$)
AW,Aruba,2021,2889305033.55975,NY.GDP.MKTP.CD,GDP (current US$)
AW,Aruba,2020,2461056053.22795,NY.GDP.MKTP.CD,GDP (current US$)
AW,Aruba,2019,3347561738.94591,NY.GDP.MKTP.CD,GDP (current US$)
AW,Aruba,2018,3276187709.49721,NY.GDP.MKTP.CD,GDP (current US$)
AW,Aruba,2017,3092427932.96089,NY.GDP.MKTP.CD,GDP (current US$)
AW,Aruba,2016,2983637430.1676,NY.GDP.MKTP.CD,GDP (current US$)
AU,Australia,2025,1798518933689.21,NY.GDP.MKTP.CD,GDP (current US$)
AU,Australia,2024,1757022451652.83,NY.GDP.MKTP.CD,GDP (current US$)
AU,Australia,2023,1734451264655.6,NY.GDP.MKTP.CD,GDP (current US$)
AU,Australia,2022,1695627535475.8,NY.GDP.MKTP.CD,GDP (current US$)
AU,Australia,2021,1560617493202.69,NY.GDP.MKTP.CD,GDP (current US$)
AU,Australia,2020,1333336461648.09,NY.GDP.MKTP.CD,GDP (current US$)
AU,Australia,2019,1398349602956.35,NY.GDP.MKTP.CD,GDP (current US$)
AU,Australia,2018,1433144978761.67,NY.GDP.MKTP.CD,GDP (current US$)
AU,Australia,2017,1330890554614.09,NY.GDP.MKTP.CD,GDP (current US$)
AU,Australia,2016,1211588128417.61,NY.GDP.MKTP.CD,GDP (current US$)
AT,Austria,2025,579470021095.418,NY.GDP.MKTP.CD,GDP (current US$)
AT,Austria,2024,534790720466.822,NY.GDP.MKTP.CD,GDP (current US$)
AT,Austria,2023,516670509628.876,NY.GDP.MKTP.CD,GDP (current US$)
AT,Austria,2022,473221298968.216,NY.GDP.MKTP.CD,GDP (current US$)
AT,Austria,2021,480466363176.806,NY.GDP.MKTP.CD,GDP (current US$)
AT,Austria,2020,434397601557.696,NY.GDP.MKTP.CD,GDP (current US$)
AT,Austria,2019,442983642371.842,NY.GDP.MKTP.CD,GDP (current US$)
AT,Austria,2018,452582294972.775,NY.GDP.MKTP.CD,GDP (current US$)
AT,Austria,2017,414926138132.691,NY.GDP.MKTP.CD,GDP (current US$)
AT,Austria,2016,393687359770.273,NY.GDP.MKTP.CD,GDP (current US$)
AZ,Azerbaijan,2025,75937647058.8235,NY.GDP.MKTP.CD,GDP (current US$)
AZ,Azerbaijan,2024,74426000000.0,NY.GDP.MKTP.CD,GDP (current US$)
AZ,Azerbaijan,2023,72428470588.2353,NY.GDP.MKTP.CD,GDP (current US$)
AZ,Azerbaijan,2022,78807470588.2353,NY.GDP.MKTP.CD,GDP (current US$)
AZ,Azerbaijan,2021,54825411764.7059,NY.GDP.MKTP.CD,GDP (current US$)
AZ,Azerbaijan,2020,42693000000.0,NY.GDP.MKTP.CD,GDP (current US$)
AZ,Azerbaijan,2019,48174235294.1176,NY.GDP.MKTP.CD,GDP (current US$)
AZ,Azerbaijan,2018,47112470051.7701,NY.GDP.MKTP.CD,GDP (current US$)
AZ,Azerbaijan,2017,40866627351.9817,NY.GDP.MKTP.CD,GDP (current US$)
AZ,Azerbaijan,2016,37866996882.9157,NY.GDP.MKTP.CD,GDP (current US$)
BS,"Bahamas, The",2025,,NY.GDP.MKTP.CD,GDP (current US$)
BS,"Bahamas, The",2024,15832800000.0,NY.GDP.MKTP.CD,GDP (current US$)
BS,"Bahamas, The",2023,15271300000.0,NY.GDP.MKTP.CD,GDP (current US$)
BS,"Bahamas, The",2022,13896800000.0,NY.GDP.MKTP.CD,GDP (current US$)
BS,"Bahamas, The",2021,12037000000.0,NY.GDP.MKTP.CD,GDP (current US$)
BS,"Bahamas, The",2020,10363200000.0,NY.GDP.MKTP.CD,GDP (current US$)
BS,"Bahamas, The",2019,13277000000.0,NY.GDP.MKTP.CD,GDP (current US$)
BS,"Bahamas, The",2018,12819200000.0,NY.GDP.MKTP.CD,GDP (current US$)
BS,"Bahamas, The",2017,12446900000.0,NY.GDP.MKTP.CD,GDP (current US$)
BS,"Bahamas, The",2016,11880900000.0,NY.GDP.MKTP.CD,GDP (current US$)
BH,Bahrain,2025,48965725531.9149,NY.GDP.MKTP.CD,GDP (current US$)
BH,Bahrain,2024,47210732712.766,NY.GDP.MKTP.CD,GDP (current US$)
BH,Bahrain,2023,46192260638.2979,NY.GDP.MKTP.CD,GDP (current US$)
BH,Bahrain,2022,46458191489.3617,NY.GDP.MKTP.CD,GDP (current US$)
BH,Bahrain,2021,40840212765.9574,NY.GDP.MKTP.CD,GDP (current US$)
BH,Bahrain,2020,35837632978.7234,NY.GDP.MKTP.CD,GDP (current US$)
BH,Bahrain,2019,40446808510.6383,NY.GDP.MKTP.CD,GDP (current US$)
BH,Bahrain,2018,39567978723.4043,NY.GDP.MKTP.CD,GDP (current US$)
BH,Bahrain,2017,37204813829.7872,NY.GDP.MKTP.CD,GDP (current US$)
BH,Bahrain,2016,33884680851.0638,NY.GDP.MKTP.CD,GDP (current US$)
BD,Bangladesh,2025,456319229255.578,NY.GDP.MKTP.CD,GDP (current US$)
BD,Bangladesh,2024,450119432068.852,NY.GDP.MKTP.CD,GDP (current US$)
BD,Bangladesh,2023,437415333018.291,NY.GDP.MKTP.CD,GDP (current US$)
BD,Bangladesh,2022,460131689083.083,NY.GDP.MKTP.CD,GDP (current US$)
BD,Bangladesh,2021,416271647911.014,NY.GDP.MKTP.CD,GDP (current US$)
BD,Bangladesh,2020,373979442362.193,NY.GDP.MKTP.CD,GDP (current US$)
BD,Bangladesh,2019,351231654603.692,NY.GDP.MKTP.CD,GDP (current US$)
BD,Bangladesh,2018,321362752441.78,NY.GDP.MKTP.CD,GDP (current US$)
BD,Bangladesh,2017,293732446624.596,NY.GDP.MKTP.CD,GDP (current US$)
BD,Bangladesh,2016,265224515675.034,NY.GDP.MKTP.CD,GDP (current US$)
BB,Barbados,2025,8016550000.0,NY.GDP.MKTP.CD,GDP (current US$)
BB,Barbados,2024,7597571450.0,NY.GDP.MKTP.CD,GDP (current US$)
BB,Barbados,2023,7223248150.0,NY.GDP.MKTP.CD,GDP (current US$)
BB,Barbados,2022,6886644900.0,NY.GDP.MKTP.CD,GDP (current US$)
BB,Barbados,2021,5948900600.0,NY.GDP.MKTP.CD,GDP (current US$)
BB,Barbados,2020,5403246950.0,NY.GDP.MKTP.CD,GDP (current US$)
BB,Barbados,2019,6166710800.0,NY.GDP.MKTP.CD,GDP (current US$)
BB,Barbados,2018,6001101550.0,NY.GDP.MKTP.CD,GDP (current US$)
BB,Barbados,2017,5847381600.0,NY.GDP.MKTP.CD,GDP (current US$)
BB,Barbados,2016,5679029450.0,NY.GDP.MKTP.CD,GDP (current US$)
BY,Belarus,2025,93397215864.198,NY.GDP.MKTP.CD,GDP (current US$)
BY,Belarus,2024,78591839299.7087,NY.GDP.MKTP.CD,GDP (current US$)
BY,Belarus,2023,72478760370.4258,NY.GDP.MKTP.CD,GDP (current US$)
BY,Belarus,2022,73775179924.603,NY.GDP.MKTP.CD,GDP (current US$)
BY,Belarus,2021,69673747131.87,NY.GDP.MKTP.CD,GDP (current US$)
BY,Belarus,2020,61371673344.7424,NY.GDP.MKTP.CD,GDP (current US$)
BY,Belarus,2019,64410170653.4569,NY.GDP.MKTP.CD,GDP (current US$)
BY,Belarus,2018,60031026576.26,NY.GDP.MKTP.CD,GDP (current US$)
BY,Belarus,2017,54725405751.1559,NY.GDP.MKTP.CD,GDP (current US$)
BY,Belarus,2016,47723545321.259,NY.GDP.MKTP.CD,GDP (current US$)
BE,Belgium,2025,725466462859.646,NY.GDP.MKTP.CD,GDP (current US$)
BE,Belgium,2024,670983130618.828,NY.GDP.MKTP.CD,GDP (current US$)
BE,Belgium,2023,650779364363.737,NY.GDP.MKTP.CD,GDP (current US$)
BE,Belgium,2022,591474463578.602,NY.GDP.MKTP.CD,GDP (current US$)
BE,Belgium,2021,598522422241.851,NY.GDP.MKTP.CD,GDP (current US$)
BE,Belgium,2020,529694473501.791,NY.GDP.MKTP.CD,GDP (current US$)
BE,Belgium,2019,536726344405.489,NY.GDP.MKTP.CD,GDP (current US$)
BE,Belgium,2018,542638913427.921,NY.GDP.MKTP.CD,GDP (current US$)
BE,Belgium,2017,500908767351.53,NY.GDP.MKTP.CD,GDP (current US$)
BE,Belgium,2016,474271566739.729,NY.GDP.MKTP.CD,GDP (current US$)
BZ,Belize,2025,3326500000.0,NY.GDP.MKTP.CD,GDP (current US$)
BZ,Belize,2024,3203631800.0,NY.GDP.MKTP.CD,GDP (current US$)
BZ,Belize,2023,3052362650.0,NY.GDP.MKTP.CD,GDP (current US$)
BZ,Belize,2022,2846604350.0,NY.GDP.MKTP.CD,GDP (current US$)
BZ,Belize,2021,2428606250.0,NY.GDP.MKTP.CD,GDP (current US$)
BZ,Belize,2020,2047284600.0,NY.GDP.MKTP.CD,GDP (current US$)
BZ,Belize,2019,2381187850.0,NY.GDP.MKTP.CD,GDP (current US$)
BZ,Belize,2018,2285915050.0,NY.GDP.MKTP.CD,GDP (current US$)
BZ,Belize,2017,2266028250.0,NY.GDP.MKTP.CD,GDP (current US$)
BZ,Belize,2016,2239604950.0,NY.GDP.MKTP.CD,GDP (current US$)
BJ,Benin,2025,24566420903.5337,NY.GDP.MKTP.CD,GDP (current US$)
BJ,Benin,2024,21482643706.4249,NY.GDP.MKTP.CD,GDP (current US$)
BJ,Benin,2023,19673291004.1444,NY.GDP.MKTP.CD,GDP (current US$)
BJ,Benin,2022,17425405090.862,NY.GDP.MKTP.CD,GDP (current US$)
BJ,Benin,2021,17687623530.3355,NY.GDP.MKTP.CD,GDP (current US$)
BJ,Benin,2020,15686741883.934,NY.GDP.MKTP.CD,GDP (current US$)
BJ,Benin,2019,14391686313.4641,NY.GDP.MKTP.CD,GDP (current US$)
BJ,Benin,2018,14262408089.9261,NY.GDP.MKTP.CD,GDP (current US$)
BJ,Benin,2017,12701655836.9467,NY.GDP.MKTP.CD,GDP (current US$)
BJ,Benin,2016,11821065853.3838,NY.GDP.MKTP.CD,GDP (current US$)
BM,Bermuda,2025,,NY.GDP.MKTP.CD,GDP (current US$)
BM,Bermuda,2024,9194499000.0,NY.GDP.MKTP.CD,GDP (current US$)
BM,Bermuda,2023,8602360000.0,NY.GDP.MKTP.CD,GDP (current US$)
BM,Bermuda,2022,7767884000.0,NY.GDP.MKTP.CD,GDP (current US$)
BM,Bermuda,2021,7290037000.0,NY.GDP.MKTP.CD,GDP (current US$)
BM,Bermuda,2020,6887364000.0,NY.GDP.MKTP.CD,GDP (current US$)
BM,Bermuda,2019,7423465000.0,NY.GDP.MKTP.CD,GDP (current US$)
BM,Bermuda,2018,7225977000.0,NY.GDP.MKTP.CD,GDP (current US$)
BM,Bermuda,2017,7142316000.0,NY.GDP.MKTP.CD,GDP (current US$)
BM,Bermuda,2016,6899911000.0,NY.GDP.MKTP.CD,GDP (current US$)
BT,Bhutan,2025,3579320145.13077,NY.GDP.MKTP.CD,GDP (current US$)
BT,Bhutan,2024,3346603858.7495,NY.GDP.MKTP.CD,GDP (current US$)
BT,Bhutan,2023,3012896789.79753,NY.GDP.MKTP.CD,GDP (current US$)
BT,Bhutan,2022,2898227743.75576,NY.GDP.MKTP.CD,GDP (current US$)
BT,Bhutan,2021,2768802960.11204,NY.GDP.MKTP.CD,GDP (current US$)
BT,Bhutan,2020,2457604333.90927,NY.GDP.MKTP.CD,GDP (current US$)
BT,Bhutan,2019,2735683570.46155,NY.GDP.MKTP.CD,GDP (current US$)
BT,Bhutan,2018,2583335721.85904,NY.GDP.MKTP.CD,GDP (current US$)
BT,Bhutan,2017,2591358009.20276,NY.GDP.MKTP.CD,GDP (current US$)
BT,Bhutan,2016,2357504760.78592,NY.GDP.MKTP.CD,GDP (current US$)
BO,Bolivia,2025,64768947525.3256,NY.GDP.MKTP.CD,GDP (current US$)
BO,Bolivia,2024,54881327452.9667,NY.GDP.MKTP.CD,GDP (current US$)
BO,Bolivia,2023,52340206946.4544,NY.GDP.MKTP.CD,GDP (current US$)
BO,Bolivia,2022,50959081953.6903,NY.GDP.MKTP.CD,GDP (current US$)
BO,Bolivia,2021,47877892402.3155,NY.GDP.MKTP.CD,GDP (current US$)
BO,Bolivia,2020,42313784081.042,NY.GDP.MKTP.CD,GDP (current US$)
BO,Bolivia,2019,49056643589.0014,NY.GDP.MKTP.CD,GDP (current US$)
BO,Bolivia,2018,48414038842.2576,NY.GDP.MKTP.CD,GDP (current US$)
BO,Bolivia,2017,45927439594.7902,NY.GDP.MKTP.CD,GDP (current US$)
BO,Bolivia,2016,33941126193.9219,NY.GDP.MKTP.CD,GDP (current US$)
BA,Bosnia and Herzegovina,2025,32599982936.3931,NY.GDP.MKTP.CD,GDP (current US$)
BA,Bosnia and Herzegovina,2024,29737363103.0492,NY.GDP.MKTP.CD,GDP (current US$)
BA,Bosnia and Herzegovina,2023,27592361498.4057,NY.GDP.MKTP.CD,GDP (current US$)
BA,Bosnia and Herzegovina,2022,24534663636.1778,NY.GDP.MKTP.CD,GDP (current US$)
BA,Bosnia and Herzegovina,2021,23672712121.2671,NY.GDP.MKTP.CD,GDP (current US$)
BA,Bosnia and Herzegovina,2020,20226038369.9191,NY.GDP.MKTP.CD,GDP (current US$)
BA,Bosnia and Herzegovina,2019,20482608984.3316,NY.GDP.MKTP.CD,GDP (current US$)
BA,Bosnia and Herzegovina,2018,20484058033.1144,NY.GDP.MKTP.CD,GDP (current US$)
BA,Bosnia and Herzegovina,2017,18326373135.6099,NY.GDP.MKTP.CD,GDP (current US$)
BA,Bosnia and Herzegovina,2016,17116926553.8513,NY.GDP.MKTP.CD,GDP (current US$)
BW,Botswana,2025,19928479839.4476,NY.GDP.MKTP.CD,GDP (current US$)
BW,Botswana,2024,19286251067.5078,NY.GDP.MKTP.CD,GDP (current US$)
BW,Botswana,2023,19413614554.6944,NY.GDP.MKTP.CD,GDP (current US$)
BW,Botswana,2022,20321150599.1523,NY.GDP.MKTP.CD,GDP (current US$)
BW,Botswana,2021,18750182236.2211,NY.GDP.MKTP.CD,GDP (current US$)
BW,Botswana,2020,14960251607.8135,NY.GDP.MKTP.CD,GDP (current US$)
BW,Botswana,2019,16725908148.5481,NY.GDP.MKTP.CD,GDP (current US$)
BW,Botswana,2018,17031943186.1353,NY.GDP.MKTP.CD,GDP (current US$)
BW,Botswana,2017,16105155856.7708,NY.GDP.MKTP.CD,GDP (current US$)
BW,Botswana,2016,15082637184.0496,NY.GDP.MKTP.CD,GDP (current US$)
BR,Brazil,2025,2279920092492.13,NY.GDP.MKTP.CD,GDP (current US$)
BR,Brazil,2024,2185821610689.31,NY.GDP.MKTP.CD,GDP (current US$)
BR,Brazil,2023,2191131765684.63,NY.GDP.MKTP.CD,GDP (current US$)
BR,Brazil,2022,1951923942083.32,NY.GDP.MKTP.CD,GDP (current US$)
BR,Brazil,2021,1670647398904.9,NY.GDP.MKTP.CD,GDP (current US$)
BR,Brazil,2020,1476107231310.49,NY.GDP.MKTP.CD,GDP (current US$)
BR,Brazil,2019,1873288205059.69,NY.GDP.MKTP.CD,GDP (current US$)
BR,Brazil,2018,1916933898010.99,NY.GDP.MKTP.CD,GDP (current US$)
BR,Brazil,2017,2063514977365.65,NY.GDP.MKTP.CD,GDP (current US$)
BR,Brazil,2016,1795693482853.01,NY.GDP.MKTP.CD,GDP (current US$)
VG,British Virgin Islands,2025,,NY.GDP.MKTP.CD,GDP (current US$)
VG,British Virgin Islands,2024,,NY.GDP.MKTP.CD,GDP (current US$)
VG,British Virgin Islands,2023,,NY.GDP.MKTP.CD,GDP (current US$)
VG,British Virgin Islands,2022,,NY.GDP.MKTP.CD,GDP (current US$)
VG,British Virgin Islands,2021,,NY.GDP.MKTP.CD,GDP (current US$)
VG,British Virgin Islands,2020,,NY.GDP.MKTP.CD,GDP (current US$)
VG,British Virgin Islands,2019,,NY.GDP.MKTP.CD,GDP (current US$)
VG,British Virgin Islands,2018,,NY.GDP.MKTP.CD,GDP (current US$)
VG,British Virgin Islands,2017,,NY.GDP.MKTP.CD,GDP (current US$)
VG,British Virgin Islands,2016,,NY.GDP.MKTP.CD,GDP (current US$)
BN,Brunei Darussalam,2025,15031980994.1121,NY.GDP.MKTP.CD,GDP (current US$)
BN,Brunei Darussalam,2024,15340808592.48,NY.GDP.MKTP.CD,GDP (current US$)
BN,Brunei Darussalam,2023,15095084656.1634,NY.GDP.MKTP.CD,GDP (current US$)
BN,Brunei Darussalam,2022,16681536466.7183,NY.GDP.MKTP.CD,GDP (current US$)
BN,Brunei Darussalam,2021,14006496617.4458,NY.GDP.MKTP.CD,GDP (current US$)
BN,Brunei Darussalam,2020,12005799653.9835,NY.GDP.MKTP.CD,GDP (current US$)
BN,Brunei Darussalam,2019,13469235364.7032,NY.GDP.MKTP.CD,GDP (current US$)
BN,Brunei Darussalam,2018,13566908391.0895,NY.GDP.MKTP.CD,GDP (current US$)
BN,Brunei Darussalam,2017,12128168045.1245,NY.GDP.MKTP.CD,GDP (current US$)
BN,Brunei Darussalam,2016,11400266044.6651,NY.GDP.MKTP.CD,GDP (current US$)
BG,Bulgaria,2025,130777235529.606,NY.GDP.MKTP.CD,GDP (current US$)
BG,Bulgaria,2024,113349149166.793,NY.GDP.MKTP.CD,GDP (current US$)
BG,Bulgaria,2023,102204457334.822,NY.GDP.MKTP.CD,GDP (current US$)
BG,Bulgaria,2022,90510784777.6397,NY.GDP.MKTP.CD,GDP (current US$)
BG,Bulgaria,2021,84378926047.3002,NY.GDP.MKTP.CD,GDP (current US$)
BG,Bulgaria,2020,70490478088.1395,NY.GDP.MKTP.CD,GDP (current US$)
BG,Bulgaria,2019,68511235459.4907,NY.GDP.MKTP.CD,GDP (current US$)
BG,Bulgaria,2018,66100606676.6544,NY.GDP.MKTP.CD,GDP (current US$)
BG,Bulgaria,2017,59170671046.4798,NY.GDP.MKTP.CD,GDP (current US$)
BG,Bulgaria,2016,53932152153.5457,NY.GDP.MKTP.CD,GDP (current US$)
BF,Burkina Faso,2025,27627297461.3181,NY.GDP.MKTP.CD,GDP (current US$)
BF,Burkina Faso,2024,23136514855.7646,NY.GDP.MKTP.CD,GDP (current US$)
BF,Burkina Faso,2023,20106062971.6533,NY.GDP.MKTP.CD,GDP (current US$)
BF,Burkina Faso,2022,18622421394.6133,NY.GDP.MKTP.CD,GDP (current US$)
BF,Burkina Faso,2021,19697516284.3787,NY.GDP.MKTP.CD,GDP (current US$)
BF,Burkina Faso,2020,17725010532.5268,NY.GDP.MKTP.CD,GDP (current US$)
BF,Burkina Faso,2019,16032813503.3707,NY.GDP.MKTP.CD,GDP (current US$)
BF,Burkina Faso,2018,15890066221.2882,NY.GDP.MKTP.CD,GDP (current US$)
BF,Burkina Faso,2017,14106955615.3442,NY.GDP.MKTP.CD,GDP (current US$)
BF,Burkina Faso,2016,12833363045.3367,NY.GDP.MKTP.CD,GDP (current US$)
BI,Burundi,2025,3364713864.08488,NY.GDP.MKTP.CD,GDP (current US$)
BI,Burundi,2024,3037579858.38142,NY.GDP.MKTP.CD,GDP (current US$)
BI,Burundi,2023,3419558408.35408,NY.GDP.MKTP.CD,GDP (current US$)
BI,Burundi,2022,4020736756.64256,NY.GDP.MKTP.CD,GDP (current US$)
BI,Burundi,2021,3425127990.70519,NY.GDP.MKTP.CD,GDP (current US$)
BI,Burundi,2020,3188355943.63513,NY.GDP.MKTP.CD,GDP (current US$)
BI,Burundi,2019,2871555326.31029,NY.GDP.MKTP.CD,GDP (current US$)
BI,Burundi,2018,2913411408.44783,NY.GDP.MKTP.CD,GDP (current US$)
BI,Burundi,2017,2831362208.34039,NY.GDP.MKTP.CD,GDP (current US$)
BI,Burundi,2016,2618093125.14687,NY.GDP.MKTP.CD,GDP (current US$)
CV,Cabo Verde,2025,3056630435.32463,NY.GDP.MKTP.CD,GDP (current US$)
CV,Cabo Verde,2024,2713721857.39153,NY.GDP.MKTP.CD,GDP (current US$)
CV,Cabo Verde,2023,2504525537.51069,NY.GDP.MKTP.CD,GDP (current US$)
CV,Cabo Verde,2022,2247003344.34242,NY.GDP.MKTP.CD,GDP (current US$)
CV,Cabo Verde,2021,2051842618.70539,NY.GDP.MKTP.CD,GDP (current US$)
CV,Cabo Verde,2020,1821565613.68613,NY.GDP.MKTP.CD,GDP (current US$)
CV,Cabo Verde,2019,2252177124.32402,NY.GDP.MKTP.CD,GDP (current US$)
CV,Cabo Verde,2018,2205099506.99994,NY.GDP.MKTP.CD,GDP (current US$)
CV,Cabo Verde,2017,1996741539.95088,NY.GDP.MKTP.CD,GDP (current US$)
CV,Cabo Verde,2016,1849789985.99572,NY.GDP.MKTP.CD,GDP (current US$)
KH,Cambodia,2025,51267065842.9641,NY.GDP.MKTP.CD,GDP (current US$)
KH,Cambodia,2024,46352647037.2406,NY.GDP.MKTP.CD,GDP (current US$)
KH,Cambodia,2023,42335646895.7984,NY.GDP.MKTP.CD,GDP (current US$)
KH,Cambodia,2022,39994532959.6074,NY.GDP.MKTP.CD,GDP (current US$)
KH,Cambodia,2021,36790163687.4421,NY.GDP.MKTP.CD,GDP (current US$)
KH,Cambodia,2020,34818073901.4851,NY.GDP.MKTP.CD,GDP (current US$)
KH,Cambodia,2019,36685356407.7206,NY.GDP.MKTP.CD,GDP (current US$)
KH,Cambodia,2018,33145892168.8958,NY.GDP.MKTP.CD,GDP (current US$)
KH,Cambodia,2017,29355665909.7905,NY.GDP.MKTP.CD,GDP (current US$)
KH,Cambodia,2016,26556545153.3573,NY.GDP.MKTP.CD,GDP (current US$)
CM,Cameroon,2025,58933453923.761,NY.GDP.MKTP.CD,GDP (current US$)
CM,Cameroon,2024,53296694320.2057,NY.GDP.MKTP.CD,GDP (current US$)
CM,Cameroon,2023,48814501547.4313,NY.GDP.MKTP.CD,GDP (current US$)
CM,Cameroon,2022,44347206072.5513,NY.GDP.MKTP.CD,GDP (current US$)
CM,Cameroon,2021,45011937346.8384,NY.GDP.MKTP.CD,GDP (current US$)
CM,Cameroon,2020,40773241177.0505,NY.GDP.MKTP.CD,GDP (current US$)
CM,Cameroon,2019,39667757527.6578,NY.GDP.MKTP.CD,GDP (current US$)
CM,Cameroon,2018,39955552189.795,NY.GDP.MKTP.CD,GDP (current US$)
CM,Cameroon,2017,36098547033.1655,NY.GDP.MKTP.CD,GDP (current US$)
CM,Cameroon,2016,33814337044.3765,NY.GDP.MKTP.CD,GDP (current US$)
CA,Canada,2025,2319899772425.92,NY.GDP.MKTP.CD,GDP (current US$)
CA,Canada,2024,2270076189683.46,NY.GDP.MKTP.CD,GDP (current US$)
CA,Canada,2023,2196593836347.42,NY.GDP.MKTP.CD,GDP (current US$)
CA,Canada,2022,2200562785046.32,NY.GDP.MKTP.CD,GDP (current US$)
CA,Canada,2021,2022377950896.78,NY.GDP.MKTP.CD,GDP (current US$)
CA,Canada,2020,1655686966881.99,NY.GDP.MKTP.CD,GDP (current US$)
CA,Canada,2019,1743728952156.85,NY.GDP.MKTP.CD,GDP (current US$)
CA,Canada,2018,1725330736237.69,NY.GDP.MKTP.CD,GDP (current US$)
CA,Canada,2017,1649269496514.62,NY.GDP.MKTP.CD,GDP (current US$)
CA,Canada,2016,1527996250640.92,NY.GDP.MKTP.CD,GDP (current US$)
KY,Cayman Islands,2025,,NY.GDP.MKTP.CD,GDP (current US$)
KY,Cayman Islands,2024,7765336505.34319,NY.GDP.MKTP.CD,GDP (current US$)
KY,Cayman Islands,2023,7308564549.28678,NY.GDP.MKTP.CD,GDP (current US$)
KY,Cayman Islands,2022,6653516041.43929,NY.GDP.MKTP.CD,GDP (current US$)
KY,Cayman Islands,2021,6060813808.15072,NY.GDP.MKTP.CD,GDP (current US$)
KY,Cayman Islands,2020,5655357984.24218,NY.GDP.MKTP.CD,GDP (current US$)
KY,Cayman Islands,2019,5941896607.58643,NY.GDP.MKTP.CD,GDP (current US$)
KY,Cayman Islands,2018,5530178440.71376,NY.GDP.MKTP.CD,GDP (current US$)
KY,Cayman Islands,2017,5166281305.12522,NY.GDP.MKTP.CD,GDP (current US$)
KY,Cayman Islands,2016,4909322237.28895,NY.GDP.MKTP.CD,GDP (current US$)
CF,Central African Republic,2025,3066109226.40165,NY.GDP.MKTP.CD,GDP (current US$)
CF,Central African Republic,2024,2751494281.06887,NY.GDP.MKTP.CD,GDP (current US$)
CF,Central African Republic,2023,2555492085.94725,NY.GDP.MKTP.CD,GDP (current US$)
CF,Central African Republic,2022,2382618615.01694,NY.GDP.MKTP.CD,GDP (current US$)
CF,Central African Republic,2021,2516498412.46384,NY.GDP.MKTP.CD,GDP (current US$)
CF,Central African Republic,2020,2326720900.38047,NY.GDP.MKTP.CD,GDP (current US$)
CF,Central African Republic,2019,2221301351.43918,NY.GDP.MKTP.CD,GDP (current US$)
CF,Central African Republic,2018,2220979146.11241,NY.GDP.MKTP.CD,GDP (current US$)
CF,Central African Republic,2017,2072349972.6818,NY.GDP.MKTP.CD,GDP (current US$)
CF,Central African Republic,2016,1825018144.65595,NY.GDP.MKTP.CD,GDP (current US$)
TD,Chad,2025,21472835225.4338,NY.GDP.MKTP.CD,GDP (current US$)
TD,Chad,2024,19906706689.7582,NY.GDP.MKTP.CD,GDP (current US$)
TD,Chad,2023,18352937976.2179,NY.GDP.MKTP.CD,GDP (current US$)
TD,Chad,2022,17828508289.6049,NY.GDP.MKTP.CD,GDP (current US$)
TD,Chad,2021,16871937697.5854,NY.GDP.MKTP.CD,GDP (current US$)
TD,Chad,2020,14932897821.2387,NY.GDP.MKTP.CD,GDP (current US$)
TD,Chad,2019,14905517742.8454,NY.GDP.MKTP.CD,GDP (current US$)
TD,Chad,2018,15327000248.8701,NY.GDP.MKTP.CD,GDP (current US$)
TD,Chad,2017,13349041408.7152,NY.GDP.MKTP.CD,GDP (current US$)
TD,Chad,2016,13026289835.7789,NY.GDP.MKTP.CD,GDP (current US$)
JG,Channel Islands,2025,,NY.GDP.MKTP.CD,GDP (current US$)
JG,Channel Islands,2024,,NY.GDP.MKTP.CD,GDP (current US$)
JG,Channel Islands,2023,12507320838.3932,NY.GDP.MKTP.CD,GDP (current US$)
JG,Channel Islands,2022,11308272505.183,NY.GDP.MKTP.CD,GDP (current US$)
JG,Channel Islands,2021,11157540109.8939,NY.GDP.MKTP.CD,GDP (current US$)
JG,Channel Islands,2020,9439810769.23077,NY.GDP.MKTP.CD,GDP (current US$)
JG,Channel Islands,2019,10031864649.0819,NY.GDP.MKTP.CD,GDP (current US$)
JG,Channel Islands,2018,10026394043.6136,NY.GDP.MKTP.CD,GDP (current US$)
JG,Channel Islands,2017,9170044517.20264,NY.GDP.MKTP.CD,GDP (current US$)
JG,Channel Islands,2016,9168857222.32574,NY.GDP.MKTP.CD,GDP (current US$)
CL,Chile,2025,357371159574.862,NY.GDP.MKTP.CD,GDP (current US$)
CL,Chile,2024,329260633698.726,NY.GDP.MKTP.CD,GDP (current US$)
CL,Chile,2023,335802745366.38,NY.GDP.MKTP.CD,GDP (current US$)
CL,Chile,2022,301099244104.003,NY.GDP.MKTP.CD,GDP (current US$)
CL,Chile,2021,315507493783.262,NY.GDP.MKTP.CD,GDP (current US$)
CL,Chile,2020,254103710483.324,NY.GDP.MKTP.CD,GDP (current US$)
CL,Chile,2019,278308438545.118,NY.GDP.MKTP.CD,GDP (current US$)
CL,Chile,2018,295857562991.709,NY.GDP.MKTP.CD,GDP (current US$)
CL,Chile,2017,276154259981.097,NY.GDP.MKTP.CD,GDP (current US$)
CL,Chile,2016,249344863928.438,NY.GDP.MKTP.CD,GDP (current US$)
CN,China,2025,19498039388042.6,NY.GDP.MKTP.CD,GDP (current US$)
CN,China,2024,18729668435848.0,NY.GDP.MKTP.CD,GDP (current US$)
CN,China,2023,18270356654533.2,NY.GDP.MKTP.CD,GDP (current US$)
CN,China,2022,18316765021690.2,NY.GDP.MKTP.CD,GDP (current US$)
CN,China,2021,18201698719564.0,NY.GDP.MKTP.CD,GDP (current US$)
CN,China,2020,14996414166715.1,NY.GDP.MKTP.CD,GDP (current US$)
CN,China,2019,14560167101283.4,NY.GDP.MKTP.CD,GDP (current US$)
CN,China,2018,14147765772963.8,NY.GDP.MKTP.CD,GDP (current US$)
CN,China,2017,12537559062282.9,NY.GDP.MKTP.CD,GDP (current US$)
CN,China,2016,11456024084962.0,NY.GDP.MKTP.CD,GDP (current US$)
CO,Colombia,2025,457410034202.523,NY.GDP.MKTP.CD,GDP (current US$)
CO,Colombia,2024,420504033143.211,NY.GDP.MKTP.CD,GDP (current US$)
CO,Colombia,2023,366901643683.302,NY.GDP.MKTP.CD,GDP (current US$)
CO,Colombia,2022,345632492851.448,NY.GDP.MKTP.CD,GDP (current US$)
CO,Colombia,2021,318524633225.395,NY.GDP.MKTP.CD,GDP (current US$)
CO,Colombia,2020,270348342541.465,NY.GDP.MKTP.CD,GDP (current US$)
CO,Colombia,2019,323031701192.84,NY.GDP.MKTP.CD,GDP (current US$)
CO,Colombia,2018,334198218098.276,NY.GDP.MKTP.CD,GDP (current US$)
CO,Colombia,2017,311866875156.879,NY.GDP.MKTP.CD,GDP (current US$)
CO,Colombia,2016,282720100286.228,NY.GDP.MKTP.CD,GDP (current US$)
KM,Comoros,2025,1814920856.27026,NY.GDP.MKTP.CD,GDP (current US$)
KM,Comoros,2024,1610082688.26617,NY.GDP.MKTP.CD,GDP (current US$)
KM,Comoros,2023,1465977684.31307,NY.GDP.MKTP.CD,GDP (current US$)
KM,Comoros,2022,1279542248.96288,NY.GDP.MKTP.CD,GDP (current US$)
KM,Comoros,2021,1299039312.22277,NY.GDP.MKTP.CD,GDP (current US$)
KM,Comoros,2020,1225039196.61091,NY.GDP.MKTP.CD,GDP (current US$)
KM,Comoros,2019,1195019531.9011,NY.GDP.MKTP.CD,GDP (current US$)
KM,Comoros,2018,1188797449.38584,NY.GDP.MKTP.CD,GDP (current US$)
KM,Comoros,2017,1077439756.59451,NY.GDP.MKTP.CD,GDP (current US$)
KM,Comoros,2016,1012835493.19325,NY.GDP.MKTP.CD,GDP (current US$)
CD,"Congo, Dem. Rep.",2025,91030531316.9936,NY.GDP.MKTP.CD,GDP (current US$)
CD,"Congo, Dem. Rep.",2024,75716176105.0704,NY.GDP.MKTP.CD,GDP (current US$)
CD,"Congo, Dem. Rep.",2023,69843655425.2929,NY.GDP.MKTP.CD,GDP (current US$)
CD,"Congo, Dem. Rep.",2022,70422346142.2023,NY.GDP.MKTP.CD,GDP (current US$)
CD,"Congo, Dem. Rep.",2021,59067289573.5102,NY.GDP.MKTP.CD,GDP (current US$)
CD,"Congo, Dem. Rep.",2020,46691989748.9186,NY.GDP.MKTP.CD,GDP (current US$)
CD,"Congo, Dem. Rep.",2019,46845900350.0332,NY.GDP.MKTP.CD,GDP (current US$)
CD,"Congo, Dem. Rep.",2018,46659954092.4862,NY.GDP.MKTP.CD,GDP (current US$)
CD,"Congo, Dem. Rep.",2017,37537521565.5308,NY.GDP.MKTP.CD,GDP (current US$)
CD,"Congo, Dem. Rep.",2016,38600224214.4728,NY.GDP.MKTP.CD,GDP (current US$)
CG,"Congo, Rep.",2025,16306633778.765,NY.GDP.MKTP.CD,GDP (current US$)
CG,"Congo, Rep.",2024,15719986076.6464,NY.GDP.MKTP.CD,GDP (current US$)
CG,"Congo, Rep.",2023,15321055822.5167,NY.GDP.MKTP.CD,GDP (current US$)
CG,"Congo, Rep.",2022,15817030154.6941,NY.GDP.MKTP.CD,GDP (current US$)
CG,"Congo, Rep.",2021,14825690210.9157,NY.GDP.MKTP.CD,GDP (current US$)
CG,"Congo, Rep.",2020,11468687464.0046,NY.GDP.MKTP.CD,GDP (current US$)
CG,"Congo, Rep.",2019,13976637779.9763,NY.GDP.MKTP.CD,GDP (current US$)
CG,"Congo, Rep.",2018,14773900288.5135,NY.GDP.MKTP.CD,GDP (current US$)
CG,"Congo, Rep.",2017,11834473039.3645,NY.GDP.MKTP.CD,GDP (current US$)
CG,"Congo, Rep.",2016,10931328150.8478,NY.GDP.MKTP.CD,GDP (current US$)
CR,Costa Rica,2025,102904921157.478,NY.GDP.MKTP.CD,GDP (current US$)
CR,Costa Rica,2024,96715644330.6612,NY.GDP.MKTP.CD,GDP (current US$)
CR,Costa Rica,2023,87512637055.7736,NY.GDP.MKTP.CD,GDP (current US$)
CR,Costa Rica,2022,71001226360.8008,NY.GDP.MKTP.CD,GDP (current US$)
CR,Costa Rica,2021,65588938787.0243,NY.GDP.MKTP.CD,GDP (current US$)
CR,Costa Rica,2020,62806591554.7345,NY.GDP.MKTP.CD,GDP (current US$)
CR,Costa Rica,2019,64753504730.018,NY.GDP.MKTP.CD,GDP (current US$)
CR,Costa Rica,2018,62567765946.2665,NY.GDP.MKTP.CD,GDP (current US$)
CR,Costa Rica,2017,60516044660.7496,NY.GDP.MKTP.CD,GDP (current US$)
CR,Costa Rica,2016,58847019587.626,NY.GDP.MKTP.CD,GDP (current US$)
CI,Cote d'Ivoire,2025,99773555666.1988,NY.GDP.MKTP.CD,GDP (current US$)
CI,Cote d'Ivoire,2024,87113179149.284,NY.GDP.MKTP.CD,GDP (current US$)
CI,Cote d'Ivoire,2023,80780312569.1646,NY.GDP.MKTP.CD,GDP (current US$)
CI,Cote d'Ivoire,2022,70922824813.9102,NY.GDP.MKTP.CD,GDP (current US$)
CI,Cote d'Ivoire,2021,72794636653.7793,NY.GDP.MKTP.CD,GDP (current US$)
CI,Cote d'Ivoire,2020,63027852805.4204,NY.GDP.MKTP.CD,GDP (current US$)
CI,Cote d'Ivoire,2019,60382894697.3557,NY.GDP.MKTP.CD,GDP (current US$)
CI,Cote d'Ivoire,2018,58522477786.6889,NY.GDP.MKTP.CD,GDP (current US$)
CI,Cote d'Ivoire,2017,52512343996.69,NY.GDP.MKTP.CD,GDP (current US$)
CI,Cote d'Ivoire,2016,48407761036.8238,NY.GDP.MKTP.CD,GDP (current US$)
HR,Croatia,2025,105060182186.274,NY.GDP.MKTP.CD,GDP (current US$)
HR,Croatia,2024,92981894167.9687,NY.GDP.MKTP.CD,GDP (current US$)
HR,Croatia,2023,85621337533.3348,NY.GDP.MKTP.CD,GDP (current US$)
HR,Croatia,2022,71196460236.6301,NY.GDP.MKTP.CD,GDP (current US$)
HR,Croatia,2021,69002262504.9821,NY.GDP.MKTP.CD,GDP (current US$)
HR,Croatia,2020,57959824238.1808,NY.GDP.MKTP.CD,GDP (current US$)
HR,Croatia,2019,61467261345.012,NY.GDP.MKTP.CD,GDP (current US$)
HR,Croatia,2018,61668280700.0968,NY.GDP.MKTP.CD,GDP (current US$)
HR,Croatia,2017,56182225079.1072,NY.GDP.MKTP.CD,GDP (current US$)
HR,Croatia,2016,52650804052.1394,NY.GDP.MKTP.CD,GDP (current US$)
CU,Cuba,2025,,NY.GDP.MKTP.CD,GDP (current US$)
CU,Cuba,2024,,NY.GDP.MKTP.CD,GDP (current US$)
CU,Cuba,2023,,NY.GDP.MKTP.CD,GDP (current US$)
CU,Cuba,2022,,NY.GDP.MKTP.CD,GDP (current US$)
CU,Cuba,2021,,NY.GDP.MKTP.CD,GDP (current US$)
CU,Cuba,2020,107352000000.0,NY.GDP.MKTP.CD,GDP (current US$)
CU,Cuba,2019,103427600000.0,NY.GDP.MKTP.CD,GDP (current US$)
CU,Cuba,2018,100050036100.0,NY.GDP.MKTP.CD,GDP (current US$)
CU,Cuba,2017,96850649700.0,NY.GDP.MKTP.CD,GDP (current US$)
CU,Cuba,2016,91370407900.0,NY.GDP.MKTP.CD,GDP (current US$)
CW,Curacao,2025,,NY.GDP.MKTP.CD,GDP (current US$)
CW,Curacao,2024,3561178212.2905,NY.GDP.MKTP.CD,GDP (current US$)
CW,Curacao,2023,3281419329.60894,NY.GDP.MKTP.CD,GDP (current US$)
CW,Curacao,2022,3075180837.98883,NY.GDP.MKTP.CD,GDP (current US$)
CW,Curacao,2021,2739594357.5419,NY.GDP.MKTP.CD,GDP (current US$)
CW,Curacao,2020,2534327597.76536,NY.GDP.MKTP.CD,GDP (current US$)
CW,Curacao,2019,3026124134.07821,NY.GDP.MKTP.CD,GDP (current US$)
CW,Curacao,2018,3046364804.46927,NY.GDP.MKTP.CD,GDP (current US$)
CW,Curacao,2017,3033433240.22346,NY.GDP.MKTP.CD,GDP (current US$)
CW,Curacao,2016,3024690167.59777,NY.GDP.MKTP.CD,GDP (current US$)
CY,Cyprus,2025,41225787247.3309,NY.GDP.MKTP.CD,GDP (current US$)
CY,Cyprus,2024,37634551820.7367,NY.GDP.MKTP.CD,GDP (current US$)
CY,Cyprus,2023,35075440602.5202,NY.GDP.MKTP.CD,GDP (current US$)
CY,Cyprus,2022,31218047043.8386,NY.GDP.MKTP.CD,GDP (current US$)
CY,Cyprus,2021,30372637513.1352,NY.GDP.MKTP.CD,GDP (current US$)
CY,Cyprus,2020,25555082266.6429,NY.GDP.MKTP.CD,GDP (current US$)
CY,Cyprus,2019,26196660680.1176,NY.GDP.MKTP.CD,GDP (current US$)
CY,Cyprus,2018,25754011492.2204,NY.GDP.MKTP.CD,GDP (current US$)
CY,Cyprus,2017,22946583375.5506,NY.GDP.MKTP.CD,GDP (current US$)
CY,Cyprus,2016,21046452117.3759,NY.GDP.MKTP.CD,GDP (current US$)
CZ,Czechia,2025,391026962800.475,NY.GDP.MKTP.CD,GDP (current US$)
CZ,Czechia,2024,347082562221.377,NY.GDP.MKTP.CD,GDP (current US$)
CZ,Czechia,2023,345059295659.911,NY.GDP.MKTP.CD,GDP (current US$)
CZ,Czechia,2022,301831228325.556,NY.GDP.MKTP.CD,GDP (current US$)
CZ,Czechia,2021,290972714482.313,NY.GDP.MKTP.CD,GDP (current US$)
CZ,Czechia,2020,251109660602.536,NY.GDP.MKTP.CD,GDP (current US$)
CZ,Czechia,2019,256794209028.77,NY.GDP.MKTP.CD,GDP (current US$)
CZ,Czechia,2018,251992360762.236,NY.GDP.MKTP.CD,GDP (current US$)
CZ,Czechia,2017,221563575696.217,NY.GDP.MKTP.CD,GDP (current US$)
CZ,Czechia,2016,198160659303.939,NY.GDP.MKTP.CD,GDP (current US$)
DK,Denmark,2025,462526660468.393,NY.GDP.MKTP.CD,GDP (current US$)
DK,Denmark,2024,424524722037.047,NY.GDP.MKTP.CD,GDP (current US$)
DK,Denmark,2023,404651706117.557,NY.GDP.MKTP.CD,GDP (current US$)
DK,Denmark,2022,400114306337.077,NY.GDP.MKTP.CD,GDP (current US$)
DK,Denmark,2021,406110162088.054,NY.GDP.MKTP.CD,GDP (current US$)
DK,Denmark,2020,355631021931.621,NY.GDP.MKTP.CD,GDP (current US$)
DK,Denmark,2019,345401473012.615,NY.GDP.MKTP.CD,GDP (current US$)
DK,Denmark,2018,355293374912.393,NY.GDP.MKTP.CD,GDP (current US$)
DK,Denmark,2017,331610593961.988,NY.GDP.MKTP.CD,GDP (current US$)
DK,Denmark,2016,312181849372.233,NY.GDP.MKTP.CD,GDP (current US$)
DJ,Djibouti,2025,4624533092.31886,NY.GDP.MKTP.CD,GDP (current US$)
DJ,Djibouti,2024,4152145939.98458,NY.GDP.MKTP.CD,GDP (current US$)
DJ,Djibouti,2023,3898447007.38798,NY.GDP.MKTP.CD,GDP (current US$)
DJ,Djibouti,2022,3562814908.76149,NY.GDP.MKTP.CD,GDP (current US$)
DJ,Djibouti,2021,3392796953.08939,NY.GDP.MKTP.CD,GDP (current US$)
DJ,Djibouti,2020,3144136196.6228,NY.GDP.MKTP.CD,GDP (current US$)
DJ,Djibouti,2019,3088851450.30694,NY.GDP.MKTP.CD,GDP (current US$)
DJ,Djibouti,2018,2913464658.08768,NY.GDP.MKTP.CD,GDP (current US$)
DJ,Djibouti,2017,2762581334.22612,NY.GDP.MKTP.CD,GDP (current US$)
DJ,Djibouti,2016,2604955228.70117,NY.GDP.MKTP.CD,GDP (current US$)
DM,Dominica,2025,723859259.259259,NY.GDP.MKTP.CD,GDP (current US$)
DM,Dominica,2024,688881481.481481,NY.GDP.MKTP.CD,GDP (current US$)
DM,Dominica,2023,659311111.111111,NY.GDP.MKTP.CD,GDP (current US$)
DM,Dominica,2022,623062962.962963,NY.GDP.MKTP.CD,GDP (current US$)
DM,Dominica,2021,562911111.111111,NY.GDP.MKTP.CD,GDP (current US$)
DM,Dominica,2020,528944444.444444,NY.GDP.MKTP.CD,GDP (current US$)
DM,Dominica,2019,644259259.259259,NY.GDP.MKTP.CD,GDP (current US$)
DM,Dominica,2018,628244444.444444,NY.GDP.MKTP.CD,GDP (current US$)
DM,Dominica,2017,563355555.555555,NY.GDP.MKTP.CD,GDP (current US$)
DM,Dominica,2016,612711111.111111,NY.GDP.MKTP.CD,GDP (current US$)
DO,Dominican Republic,2025,127407463759.043,NY.GDP.MKTP.CD,GDP (current US$)
DO,Dominican Republic,2024,124282245638.568,NY.GDP.MKTP.CD,GDP (current US$)
DO,Dominican Republic,2023,120456239153.739,NY.GDP.MKTP.CD,GDP (current US$)
DO,Dominican Republic,2022,113478103598.499,NY.GDP.MKTP.CD,GDP (current US$)
DO,Dominican Republic,2021,94850719516.7127,NY.GDP.MKTP.CD,GDP (current US$)
DO,Dominican Republic,2020,78546672406.8291,NY.GDP.MKTP.CD,GDP (current US$)
DO,Dominican Republic,2019,89146130744.723,NY.GDP.MKTP.CD,GDP (current US$)
DO,Dominican Republic,2018,84994732049.3461,NY.GDP.MKTP.CD,GDP (current US$)
DO,Dominican Republic,2017,79070274743.1658,NY.GDP.MKTP.CD,GDP (current US$)
DO,Dominican Republic,2016,75552902635.7075,NY.GDP.MKTP.CD,GDP (current US$)
EC,Ecuador,2025,130320560400.0,NY.GDP.MKTP.CD,GDP (current US$)
EC,Ecuador,2024,123802374000.0,NY.GDP.MKTP.CD,GDP (current US$)
EC,Ecuador,2023,120792801000.0,NY.GDP.MKTP.CD,GDP (current US$)
EC,Ecuador,2022,116133121000.0,NY.GDP.MKTP.CD,GDP (current US$)
EC,Ecuador,2021,107179074000.0,NY.GDP.MKTP.CD,GDP (current US$)
EC,Ecuador,2020,95865473000.0,NY.GDP.MKTP.CD,GDP (current US$)
EC,Ecuador,2019,107595830000.0,NY.GDP.MKTP.CD,GDP (current US$)
EC,Ecuador,2018,107478961000.0,NY.GDP.MKTP.CD,GDP (current US$)
EC,Ecuador,2017,104467486000.0,NY.GDP.MKTP.CD,GDP (current US$)
EC,Ecuador,2016,97671433000.0,NY.GDP.MKTP.CD,GDP (current US$)
EG,"Egypt, Arab Rep.",2025,365254630179.737,NY.GDP.MKTP.CD,GDP (current US$)
EG,"Egypt, Arab Rep.",2024,389059910593.1,NY.GDP.MKTP.CD,GDP (current US$)
EG,"Egypt, Arab Rep.",2023,395926071447.591,NY.GDP.MKTP.CD,GDP (current US$)
EG,"Egypt, Arab Rep.",2022,476747720364.742,NY.GDP.MKTP.CD,GDP (current US$)
EG,"Egypt, Arab Rep.",2021,424671765455.704,NY.GDP.MKTP.CD,GDP (current US$)
EG,"Egypt, Arab Rep.",2020,383817841547.099,NY.GDP.MKTP.CD,GDP (current US$)
EG,"Egypt, Arab Rep.",2019,318678815489.749,NY.GDP.MKTP.CD,GDP (current US$)
EG,"Egypt, Arab Rep.",2018,262588632526.73,NY.GDP.MKTP.CD,GDP (current US$)
EG,"Egypt, Arab Rep.",2017,248362771739.13,NY.GDP.MKTP.CD,GDP (current US$)
EG,"Egypt, Arab Rep.",2016,332441717791.411,NY.GDP.MKTP.CD,GDP (current US$)
SV,El Salvador,2025,36708110000.0,NY.GDP.MKTP.CD,GDP (current US$)
SV,El Salvador,2024,34879730000.0,NY.GDP.MKTP.CD,GDP (current US$)
SV,El Salvador,2023,33565430000.0,NY.GDP.MKTP.CD,GDP (current US$)
SV,El Salvador,2022,31870110000.0,NY.GDP.MKTP.CD,GDP (current US$)
SV,El Salvador,2021,29043140000.0,NY.GDP.MKTP.CD,GDP (current US$)
SV,El Salvador,2020,24921190000.0,NY.GDP.MKTP.CD,GDP (current US$)
SV,El Salvador,2019,26881140000.0,NY.GDP.MKTP.CD,GDP (current US$)
SV,El Salvador,2018,26020850000.0,NY.GDP.MKTP.CD,GDP (current US$)
SV,El Salvador,2017,24979190000.0,NY.GDP.MKTP.CD,GDP (current US$)
SV,El Salvador,2016,24191430000.0,NY.GDP.MKTP.CD,GDP (current US$)
GQ,Equatorial Guinea,2025,12823210425.9217,NY.GDP.MKTP.CD,GDP (current US$)
GQ,Equatorial Guinea,2024,13254388261.1258,NY.GDP.MKTP.CD,GDP (current US$)
GQ,Equatorial Guinea,2023,12541814272.8021,NY.GDP.MKTP.CD,GDP (current US$)
GQ,Equatorial Guinea,2022,13687643435.6249,NY.GDP.MKTP.CD,GDP (current US$)
GQ,Equatorial Guinea,2021,12215878032.7166,NY.GDP.MKTP.CD,GDP (current US$)
GQ,Equatorial Guinea,2020,9893816007.7398,NY.GDP.MKTP.CD,GDP (current US$)
GQ,Equatorial Guinea,2019,11364133549.7478,NY.GDP.MKTP.CD,GDP (current US$)
GQ,Equatorial Guinea,2018,13097012133.6159,NY.GDP.MKTP.CD,GDP (current US$)
GQ,Equatorial Guinea,2017,12200913878.9827,NY.GDP.MKTP.CD,GDP (current US$)
GQ,Equatorial Guinea,2016,11240808847.8878,NY.GDP.MKTP.CD,GDP (current US$)
ER,Eritrea,2025,,NY.GDP.MKTP.CD,GDP (current US$)
ER,Eritrea,2024,,NY.GDP.MKTP.CD,GDP (current US$)
ER,Eritrea,2023,,NY.GDP.MKTP.CD,GDP (current US$)
ER,Eritrea,2022,,NY.GDP.MKTP.CD,GDP (current US$)
ER,Eritrea,2021,,NY.GDP.MKTP.CD,GDP (current US$)
ER,Eritrea,2020,,NY.GDP.MKTP.CD,GDP (current US$)
ER,Eritrea,2019,,NY.GDP.MKTP.CD,GDP (current US$)
ER,Eritrea,2018,,NY.GDP.MKTP.CD,GDP (current US$)
ER,Eritrea,2017,,NY.GDP.MKTP.CD,GDP (current US$)
ER,Eritrea,2016,,NY.GDP.MKTP.CD,GDP (current US$)
EE,Estonia,2025,47030833798.5866,NY.GDP.MKTP.CD,GDP (current US$)
EE,Estonia,2024,43130419829.35,NY.GDP.MKTP.CD,GDP (current US$)
EE,Estonia,2023,41470344395.1086,NY.GDP.MKTP.CD,GDP (current US$)
EE,Estonia,2022,38226641740.29,NY.GDP.MKTP.CD,GDP (current US$)
EE,Estonia,2021,37201101170.5847,NY.GDP.MKTP.CD,GDP (current US$)
EE,Estonia,2020,31820771493.8974,NY.GDP.MKTP.CD,GDP (current US$)
EE,Estonia,2019,31873748770.0313,NY.GDP.MKTP.CD,GDP (current US$)
EE,Estonia,2018,31222632740.7247,NY.GDP.MKTP.CD,GDP (current US$)
EE,Estonia,2017,27469461919.1189,NY.GDP.MKTP.CD,GDP (current US$)
EE,Estonia,2016,24561027787.7896,NY.GDP.MKTP.CD,GDP (current US$)
SZ,Eswatini,2025,5160679612.81734,NY.GDP.MKTP.CD,GDP (current US$)
SZ,Eswatini,2024,4858885840.77236,NY.GDP.MKTP.CD,GDP (current US$)
SZ,Eswatini,2023,4621191261.84214,NY.GDP.MKTP.CD,GDP (current US$)
SZ,Eswatini,2022,4746660273.50829,NY.GDP.MKTP.CD,GDP (current US$)
SZ,Eswatini,2021,4807069277.20114,NY.GDP.MKTP.CD,GDP (current US$)
SZ,Eswatini,2020,4134677809.50096,NY.GDP.MKTP.CD,GDP (current US$)
SZ,Eswatini,2019,4617018958.69086,NY.GDP.MKTP.CD,GDP (current US$)
SZ,Eswatini,2018,4643751059.28203,NY.GDP.MKTP.CD,GDP (current US$)
SZ,Eswatini,2017,4462640651.49219,NY.GDP.MKTP.CD,GDP (current US$)
SZ,Eswatini,2016,3722306116.72872,NY.GDP.MKTP.CD,GDP (current US$)
ET,Ethiopia,2025,126358758448.356,NY.GDP.MKTP.CD,GDP (current US$)
ET,Ethiopia,2024,149740297952.375,NY.GDP.MKTP.CD,GDP (current US$)
ET,Ethiopia,2023,135874093203.18,NY.GDP.MKTP.CD,GDP (current US$)
ET,Ethiopia,2022,123140304665.399,NY.GDP.MKTP.CD,GDP (current US$)
ET,Ethiopia,2021,109070960370.972,NY.GDP.MKTP.CD,GDP (current US$)
ET,Ethiopia,2020,98676811061.9985,NY.GDP.MKTP.CD,GDP (current US$)
ET,Ethiopia,2019,91834517113.6386,NY.GDP.MKTP.CD,GDP (current US$)
ET,Ethiopia,2018,83337901071.9697,NY.GDP.MKTP.CD,GDP (current US$)
ET,Ethiopia,2017,76366081766.6667,NY.GDP.MKTP.CD,GDP (current US$)
ET,Ethiopia,2016,68475871209.607,NY.GDP.MKTP.CD,GDP (current US$)
FO,Faroe Islands,2025,,NY.GDP.MKTP.CD,GDP (current US$)
FO,Faroe Islands,2024,4052937169.76536,NY.GDP.MKTP.CD,GDP (current US$)
FO,Faroe Islands,2023,3943131022.2291,NY.GDP.MKTP.CD,GDP (current US$)
FO,Faroe Islands,2022,3615241800.50058,NY.GDP.MKTP.CD,GDP (current US$)
FO,Faroe Islands,2021,3699551717.10561,NY.GDP.MKTP.CD,GDP (current US$)
FO,Faroe Islands,2020,3271813311.5831,NY.GDP.MKTP.CD,GDP (current US$)
FO,Faroe Islands,2019,3266432734.22819,NY.GDP.MKTP.CD,GDP (current US$)
FO,Faroe Islands,2018,3188600927.46688,NY.GDP.MKTP.CD,GDP (current US$)
FO,Faroe Islands,2017,2980057377.87967,NY.GDP.MKTP.CD,GDP (current US$)
FO,Faroe Islands,2016,2813278868.78208,NY.GDP.MKTP.CD,GDP (current US$)
FJ,Fiji,2025,6198013062.06553,NY.GDP.MKTP.CD,GDP (current US$)
FJ,Fiji,2024,5968125909.27126,NY.GDP.MKTP.CD,GDP (current US$)
FJ,Fiji,2023,5476673518.13788,NY.GDP.MKTP.CD,GDP (current US$)
FJ,Fiji,2022,4977861885.60316,NY.GDP.MKTP.CD,GDP (current US$)
FJ,Fiji,2021,4158873156.17978,NY.GDP.MKTP.CD,GDP (current US$)
FJ,Fiji,2020,4227719873.3865,NY.GDP.MKTP.CD,GDP (current US$)
FJ,Fiji,2019,5344907153.46698,NY.GDP.MKTP.CD,GDP (current US$)
FJ,Fiji,2018,5581425327.44397,NY.GDP.MKTP.CD,GDP (current US$)
FJ,Fiji,2017,5353469174.47838,NY.GDP.MKTP.CD,GDP (current US$)
FJ,Fiji,2016,4930213644.36653,NY.GDP.MKTP.CD,GDP (current US$)
FI,Finland,2025,317039368819.607,NY.GDP.MKTP.CD,GDP (current US$)
FI,Finland,2024,298729432711.719,NY.GDP.MKTP.CD,GDP (current US$)
FI,Finland,2023,295191741637.26,NY.GDP.MKTP.CD,GDP (current US$)
FI,Finland,2022,280253099309.34,NY.GDP.MKTP.CD,GDP (current US$)
FI,Finland,2021,294223210496.119,NY.GDP.MKTP.CD,GDP (current US$)
FI,Finland,2020,270000311606.226,NY.GDP.MKTP.CD,GDP (current US$)
FI,Finland,2019,267014821129.411,NY.GDP.MKTP.CD,GDP (current US$)
FI,Finland,2018,273869255596.078,NY.GDP.MKTP.CD,GDP (current US$)
FI,Finland,2017,253846138440.0,NY.GDP.MKTP.CD,GDP (current US$)
FI,Finland,2016,238777818792.608,NY.GDP.MKTP.CD,GDP (current US$)
FR,France,2025,3366315927447.33,NY.GDP.MKTP.CD,GDP (current US$)
FR,France,2024,3160442622465.08,NY.GDP.MKTP.CD,GDP (current US$)
FR,France,2023,3056250648138.29,NY.GDP.MKTP.CD,GDP (current US$)
FR,France,2022,2794788137066.94,NY.GDP.MKTP.CD,GDP (current US$)
FR,France,2021,2966433692008.09,NY.GDP.MKTP.CD,GDP (current US$)
FR,France,2020,2647926055110.05,NY.GDP.MKTP.CD,GDP (current US$)
FR,France,2019,2722793515171.76,NY.GDP.MKTP.CD,GDP (current US$)
FR,France,2018,2781576320884.39,NY.GDP.MKTP.CD,GDP (current US$)
FR,France,2017,2588868323334.71,NY.GDP.MKTP.CD,GDP (current US$)
FR,France,2016,2470407619777.13,NY.GDP.MKTP.CD,GDP (current US$)
PF,French Polynesia,2025,,NY.GDP.MKTP.CD,GDP (current US$)
PF,French Polynesia,2024,6323716355.05009,NY.GDP.MKTP.CD,GDP (current US$)
PF,French Polynesia,2023,6137447782.87066,NY.GDP.MKTP.CD,GDP (current US$)
PF,French Polynesia,2022,5622688338.06317,NY.GDP.MKTP.CD,GDP (current US$)
PF,French Polynesia,2021,5994931236.42282,NY.GDP.MKTP.CD,GDP (current US$)
PF,French Polynesia,2020,5574821989.38239,NY.GDP.MKTP.CD,GDP (current US$)
PF,French Polynesia,2019,6022276196.13871,NY.GDP.MKTP.CD,GDP (current US$)
PF,French Polynesia,2018,6135116253.33452,NY.GDP.MKTP.CD,GDP (current US$)
PF,French Polynesia,2017,5833352692.7995,NY.GDP.MKTP.CD,GDP (current US$)
PF,French Polynesia,2016,5497036476.8031,NY.GDP.MKTP.CD,GDP (current US$)
GA,Gabon,2025,21427119323.2764,NY.GDP.MKTP.CD,GDP (current US$)
GA,Gabon,2024,20895684425.6752,NY.GDP.MKTP.CD,GDP (current US$)
GA,Gabon,2023,19388372070.9778,NY.GDP.MKTP.CD,GDP (current US$)
GA,Gabon,2022,20440655695.229,NY.GDP.MKTP.CD,GDP (current US$)
GA,Gabon,2021,19444935097.2333,NY.GDP.MKTP.CD,GDP (current US$)
GA,Gabon,2020,15342236163.9943,NY.GDP.MKTP.CD,GDP (current US$)
GA,Gabon,2019,16874405465.391,NY.GDP.MKTP.CD,GDP (current US$)
GA,Gabon,2018,16867326401.9626,NY.GDP.MKTP.CD,GDP (current US$)
GA,Gabon,2017,14929487485.1623,NY.GDP.MKTP.CD,GDP (current US$)
GA,Gabon,2016,14023890265.3665,NY.GDP.MKTP.CD,GDP (current US$)
GM,"Gambia, The",2025,2593673987.53306,NY.GDP.MKTP.CD,GDP (current US$)
GM,"Gambia, The",2024,2404888737.54853,NY.GDP.MKTP.CD,GDP (current US$)
GM,"Gambia, The",2023,2382262185.38179,NY.GDP.MKTP.CD,GDP (current US$)
GM,"Gambia, The",2022,2204734527.88096,NY.GDP.MKTP.CD,GDP (current US$)
GM,"Gambia, The",2021,2014158842.14596,NY.GDP.MKTP.CD,GDP (current US$)
GM,"Gambia, The",2020,1812170891.19069,NY.GDP.MKTP.CD,GDP (current US$)
GM,"Gambia, The",2019,1813609692.49994,NY.GDP.MKTP.CD,GDP (current US$)
GM,"Gambia, The",2018,1670671327.81651,NY.GDP.MKTP.CD,GDP (current US$)
GM,"Gambia, The",2017,1504909462.69521,NY.GDP.MKTP.CD,GDP (current US$)
GM,"Gambia, The",2016,1484578885.97132,NY.GDP.MKTP.CD,GDP (current US$)
GE,Georgia,2025,38143612855.1367,NY.GDP.MKTP.CD,GDP (current US$)
GE,Georgia,2024,34189423333.141,NY.GDP.MKTP.CD,GDP (current US$)
GE,Georgia,2023,30777833600.6515,NY.GDP.MKTP.CD,GDP (current US$)
GE,Georgia,2022,24984568959.605,NY.GDP.MKTP.CD,GDP (current US$)
GE,Georgia,2021,18853115588.8106,NY.GDP.MKTP.CD,GDP (current US$)
GE,Georgia,2020,16010869215.68,NY.GDP.MKTP.CD,GDP (current US$)
GE,Georgia,2019,17638337116.9126,NY.GDP.MKTP.CD,GDP (current US$)
GE,Georgia,2018,17902544880.6471,NY.GDP.MKTP.CD,GDP (current US$)
GE,Georgia,2017,16473125375.0684,NY.GDP.MKTP.CD,GDP (current US$)
GE,Georgia,2016,15444548901.9637,NY.GDP.MKTP.CD,GDP (current US$)
DE,Germany,2025,5050922925047.05,NY.GDP.MKTP.CD,GDP (current US$)
DE,Germany,2024,4685592577804.69,NY.GDP.MKTP.CD,GDP (current US$)
DE,Germany,2023,4562207532490.28,NY.GDP.MKTP.CD,GDP (current US$)
DE,Germany,2022,4201021706478.62,NY.GDP.MKTP.CD,GDP (current US$)
DE,Germany,2021,4355251953410.78,NY.GDP.MKTP.CD,GDP (current US$)
DE,Germany,2020,3941398957073.94,NY.GDP.MKTP.CD,GDP (current US$)
DE,Germany,2019,3959894794039.21,NY.GDP.MKTP.CD,GDP (current US$)
DE,Germany,2018,4055433215301.96,NY.GDP.MKTP.CD,GDP (current US$)
DE,Germany,2017,3765351626105.89,NY.GDP.MKTP.CD,GDP (current US$)
DE,Germany,2016,3536787895179.0,NY.GDP.MKTP.CD,GDP (current US$)
GH,Ghana,2025,114209905278.717,NY.GDP.MKTP.CD,GDP (current US$)
GH,Ghana,2024,83288585604.0268,NY.GDP.MKTP.CD,GDP (current US$)
GH,Ghana,2023,80547146875.9526,NY.GDP.MKTP.CD,GDP (current US$)
GH,Ghana,2022,73919003212.1998,NY.GDP.MKTP.CD,GDP (current US$)
GH,Ghana,2021,79514204730.3979,NY.GDP.MKTP.CD,GDP (current US$)
GH,Ghana,2020,70008243859.8666,NY.GDP.MKTP.CD,GDP (current US$)
GH,Ghana,2019,68352629246.1555,NY.GDP.MKTP.CD,GDP (current US$)
GH,Ghana,2018,67259353965.6087,NY.GDP.MKTP.CD,GDP (current US$)
GH,Ghana,2017,60385409434.8567,NY.GDP.MKTP.CD,GDP (current US$)
GH,Ghana,2016,56144179397.8516,NY.GDP.MKTP.CD,GDP (current US$)
GI,Gibraltar,2025,,NY.GDP.MKTP.CD,GDP (current US$)
GI,Gibraltar,2024,,NY.GDP.MKTP.CD,GDP (current US$)
GI,Gibraltar,2023,,NY.GDP.MKTP.CD,GDP (current US$)
GI,Gibraltar,2022,,NY.GDP.MKTP.CD,GDP (current US$)
GI,Gibraltar,2021,,NY.GDP.MKTP.CD,GDP (current US$)
GI,Gibraltar,2020,,NY.GDP.MKTP.CD,GDP (current US$)
GI,Gibraltar,2019,,NY.GDP.MKTP.CD,GDP (current US$)
GI,Gibraltar,2018,,NY.GDP.MKTP.CD,GDP (current US$)
GI,Gibraltar,2017,,NY.GDP.MKTP.CD,GDP (current US$)
GI,Gibraltar,2016,,NY.GDP.MKTP.CD,GDP (current US$)
GR,Greece,2025,280635521324.441,NY.GDP.MKTP.CD,GDP (current US$)
GR,Greece,2024,256238371778.118,NY.GDP.MKTP.CD,GDP (current US$)
GR,Greece,2023,242946187738.269,NY.GDP.MKTP.CD,GDP (current US$)
GR,Greece,2022,217990189600.69,NY.GDP.MKTP.CD,GDP (current US$)
GR,Greece,2021,218303801895.326,NY.GDP.MKTP.CD,GDP (current US$)
GR,Greece,2020,191362985554.861,NY.GDP.MKTP.CD,GDP (current US$)
GR,Greece,2019,207305649887.019,NY.GDP.MKTP.CD,GDP (current US$)
GR,Greece,2018,213298873494.394,NY.GDP.MKTP.CD,GDP (current US$)
GR,Greece,2017,200381103984.298,NY.GDP.MKTP.CD,GDP (current US$)
GR,Greece,2016,193097239005.87,NY.GDP.MKTP.CD,GDP (current US$)
GL,Greenland,2025,,NY.GDP.MKTP.CD,GDP (current US$)
GL,Greenland,2024,,NY.GDP.MKTP.CD,GDP (current US$)
GL,Greenland,2023,3326543974.39193,NY.GDP.MKTP.CD,GDP (current US$)
GL,Greenland,2022,3152334771.77992,NY.GDP.MKTP.CD,GDP (current US$)
GL,Greenland,2021,3293578467.57327,NY.GDP.MKTP.CD,GDP (current US$)
GL,Greenland,2020,3089625554.40473,NY.GDP.MKTP.CD,GDP (current US$)
GL,Greenland,2019,2997309971.87623,NY.GDP.MKTP.CD,GDP (current US$)
GL,Greenland,2018,3055782146.15957,NY.GDP.MKTP.CD,GDP (current US$)
GL,Greenland,2017,2851613679.03433,NY.GDP.MKTP.CD,GDP (current US$)
GL,Greenland,2016,2707139544.46695,NY.GDP.MKTP.CD,GDP (current US$)
GD,Grenada,2025,1420173228.56948,NY.GDP.MKTP.CD,GDP (current US$)
GD,Grenada,2024,1351270370.37037,NY.GDP.MKTP.CD,GDP (current US$)
GD,Grenada,2023,1336418518.51852,NY.GDP.MKTP.CD,GDP (current US$)
GD,Grenada,2022,1224007407.40741,NY.GDP.MKTP.CD,GDP (current US$)
GD,Grenada,2021,1122222222.22222,NY.GDP.MKTP.CD,GDP (current US$)
GD,Grenada,2020,1043411111.11111,NY.GDP.MKTP.CD,GDP (current US$)
GD,Grenada,2019,1213485185.18519,NY.GDP.MKTP.CD,GDP (current US$)
GD,Grenada,2018,1166514814.81481,NY.GDP.MKTP.CD,GDP (current US$)
GD,Grenada,2017,1125685185.18519,NY.GDP.MKTP.CD,GDP (current US$)
GD,Grenada,2016,1061640740.74074,NY.GDP.MKTP.CD,GDP (current US$)
GU,Guam,2025,,NY.GDP.MKTP.CD,GDP (current US$)
GU,Guam,2024,,NY.GDP.MKTP.CD,GDP (current US$)
GU,Guam,2023,,NY.GDP.MKTP.CD,GDP (current US$)
GU,Guam,2022,6910000000.0,NY.GDP.MKTP.CD,GDP (current US$)
GU,Guam,2021,6234000000.0,NY.GDP.MKTP.CD,GDP (current US$)
GU,Guam,2020,5916000000.0,NY.GDP.MKTP.CD,GDP (current US$)
GU,Guam,2019,6355000000.0,NY.GDP.MKTP.CD,GDP (current US$)
GU,Guam,2018,6051000000.0,NY.GDP.MKTP.CD,GDP (current US$)
GU,Guam,2017,6013000000.0,NY.GDP.MKTP.CD,GDP (current US$)
GU,Guam,2016,5901000000.0,NY.GDP.MKTP.CD,GDP (current US$)
GT,Guatemala,2025,123306008821.471,NY.GDP.MKTP.CD,GDP (current US$)
GT,Guatemala,2024,113215575150.885,NY.GDP.MKTP.CD,GDP (current US$)
GT,Guatemala,2023,104298081428.769,NY.GDP.MKTP.CD,GDP (current US$)
GT,Guatemala,2022,95609727055.5754,NY.GDP.MKTP.CD,GDP (current US$)
GT,Guatemala,2021,86455522272.7383,NY.GDP.MKTP.CD,GDP (current US$)
GT,Guatemala,2020,77719468248.3666,NY.GDP.MKTP.CD,GDP (current US$)
GT,Guatemala,2019,77172331693.4093,NY.GDP.MKTP.CD,GDP (current US$)
GT,Guatemala,2018,73328356007.6152,NY.GDP.MKTP.CD,GDP (current US$)
GT,Guatemala,2017,71653780740.4226,NY.GDP.MKTP.CD,GDP (current US$)
GT,Guatemala,2016,66053408205.8838,NY.GDP.MKTP.CD,GDP (current US$)
GN,Guinea,2025,28346024753.2924,NY.GDP.MKTP.CD,GDP (current US$)
GN,Guinea,2024,25008678293.4073,NY.GDP.MKTP.CD,GDP (current US$)
GN,Guinea,2023,22407615556.0571,NY.GDP.MKTP.CD,GDP (current US$)
GN,Guinea,2022,19910452541.9219,NY.GDP.MKTP.CD,GDP (current US$)
GN,Guinea,2021,17069115737.8259,NY.GDP.MKTP.CD,GDP (current US$)
GN,Guinea,2020,14088693742.9464,NY.GDP.MKTP.CD,GDP (current US$)
GN,Guinea,2019,13442861496.4454,NY.GDP.MKTP.CD,GDP (current US$)
GN,Guinea,2018,11857030366.7891,NY.GDP.MKTP.CD,GDP (current US$)
GN,Guinea,2017,10324668271.1362,NY.GDP.MKTP.CD,GDP (current US$)
GN,Guinea,2016,8595955222.49719,NY.GDP.MKTP.CD,GDP (current US$)
GW,Guinea-Bissau,2025,2527930272.92988,NY.GDP.MKTP.CD,GDP (current US$)
GW,Guinea-Bissau,2024,2197777209.94218,NY.GDP.MKTP.CD,GDP (current US$)
GW,Guinea-Bissau,2023,2076748678.11987,NY.GDP.MKTP.CD,GDP (current US$)
GW,Guinea-Bissau,2022,1856239954.81555,NY.GDP.MKTP.CD,GDP (current US$)
GW,Guinea-Bissau,2021,1907611288.23036,NY.GDP.MKTP.CD,GDP (current US$)
GW,Guinea-Bissau,2020,1705062169.81422,NY.GDP.MKTP.CD,GDP (current US$)
GW,Guinea-Bissau,2019,1596214680.12925,NY.GDP.MKTP.CD,GDP (current US$)
GW,Guinea-Bissau,2018,1554133593.91699,NY.GDP.MKTP.CD,GDP (current US$)
GW,Guinea-Bissau,2017,1469978606.12143,NY.GDP.MKTP.CD,GDP (current US$)
GW,Guinea-Bissau,2016,1245074264.10396,NY.GDP.MKTP.CD,GDP (current US$)
GY,Guyana,2025,27097477218.2254,NY.GDP.MKTP.CD,GDP (current US$)
GY,Guyana,2024,24662714628.2974,NY.GDP.MKTP.CD,GDP (current US$)
GY,Guyana,2023,16918503597.1223,NY.GDP.MKTP.CD,GDP (current US$)
GY,Guyana,2022,14718388489.2086,NY.GDP.MKTP.CD,GDP (current US$)
GY,Guyana,2021,8041362110.31175,NY.GDP.MKTP.CD,GDP (current US$)
GY,Guyana,2020,5471256594.72422,NY.GDP.MKTP.CD,GDP (current US$)
GY,Guyana,2019,5173760191.84652,NY.GDP.MKTP.CD,GDP (current US$)
GY,Guyana,2018,4787636997.85343,NY.GDP.MKTP.CD,GDP (current US$)
GY,Guyana,2017,4748174334.14044,NY.GDP.MKTP.CD,GDP (current US$)
GY,Guyana,2016,4482697336.56174,NY.GDP.MKTP.CD,GDP (current US$)
HT,Haiti,2025,32077278409.2339,NY.GDP.MKTP.CD,GDP (current US$)
HT,Haiti,2024,24255657481.2502,NY.GDP.MKTP.CD,GDP (current US$)
HT,Haiti,2023,19572288894.1581,NY.GDP.MKTP.CD,GDP (current US$)
HT,Haiti,2022,20113007125.93,NY.GDP.MKTP.CD,GDP (current US$)
HT,Haiti,2021,20754978152.2134,NY.GDP.MKTP.CD,GDP (current US$)
HT,Haiti,2020,14508222518.3018,NY.GDP.MKTP.CD,GDP (current US$)
HT,Haiti,2019,15016090929.5125,NY.GDP.MKTP.CD,GDP (current US$)
HT,Haiti,2018,16403864617.8458,NY.GDP.MKTP.CD,GDP (current US$)
HT,Haiti,2017,15093357161.1498,NY.GDP.MKTP.CD,GDP (current US$)
HT,Haiti,2016,14069277526.2278,NY.GDP.MKTP.CD,GDP (current US$)
HN,Honduras,2025,39601409103.3005,NY.GDP.MKTP.CD,GDP (current US$)
HN,Honduras,2024,36980171442.0603,NY.GDP.MKTP.CD,GDP (current US$)
HN,Honduras,2023,34355805527.9795,NY.GDP.MKTP.CD,GDP (current US$)
HN,Honduras,2022,31426041806.7985,NY.GDP.MKTP.CD,GDP (current US$)
HN,Honduras,2021,28144331506.6149,NY.GDP.MKTP.CD,GDP (current US$)
HN,Honduras,2020,23352232483.755,NY.GDP.MKTP.CD,GDP (current US$)
HN,Honduras,2019,24882225741.8119,NY.GDP.MKTP.CD,GDP (current US$)
HN,Honduras,2018,24067750760.499,NY.GDP.MKTP.CD,GDP (current US$)
HN,Honduras,2017,23136247990.5977,NY.GDP.MKTP.CD,GDP (current US$)
HN,Honduras,2016,21717604952.1835,NY.GDP.MKTP.CD,GDP (current US$)
HK,"Hong Kong SAR, China",2025,427310315921.993,NY.GDP.MKTP.CD,GDP (current US$)
HK,"Hong Kong SAR, China",2024,408368682415.423,NY.GDP.MKTP.CD,GDP (current US$)
HK,"Hong Kong SAR, China",2023,380762296025.216,NY.GDP.MKTP.CD,GDP (current US$)
HK,"Hong Kong SAR, China",2022,358673532516.529,NY.GDP.MKTP.CD,GDP (current US$)
HK,"Hong Kong SAR, China",2021,368954169748.818,NY.GDP.MKTP.CD,GDP (current US$)
HK,"Hong Kong SAR, China",2020,344943149590.058,NY.GDP.MKTP.CD,GDP (current US$)
HK,"Hong Kong SAR, China",2019,363074545072.389,NY.GDP.MKTP.CD,GDP (current US$)
HK,"Hong Kong SAR, China",2018,361731070995.726,NY.GDP.MKTP.CD,GDP (current US$)
HK,"Hong Kong SAR, China",2017,341273289534.466,NY.GDP.MKTP.CD,GDP (current US$)
HK,"Hong Kong SAR, China",2016,320860317562.562,NY.GDP.MKTP.CD,GDP (current US$)
HU,Hungary,2025,246490213513.054,NY.GDP.MKTP.CD,GDP (current US$)
HU,Hungary,2024,222848211034.367,NY.GDP.MKTP.CD,GDP (current US$)
HU,Hungary,2023,213029511028.874,NY.GDP.MKTP.CD,GDP (current US$)
HU,Hungary,2022,177002580544.155,NY.GDP.MKTP.CD,GDP (current US$)
HU,Hungary,2021,183282685440.486,NY.GDP.MKTP.CD,GDP (current US$)
HU,Hungary,2020,158468487754.196,NY.GDP.MKTP.CD,GDP (current US$)
HU,Hungary,2019,164936682033.992,NY.GDP.MKTP.CD,GDP (current US$)
HU,Hungary,2018,161184691013.835,NY.GDP.MKTP.CD,GDP (current US$)
HU,Hungary,2017,143335098991.862,NY.GDP.MKTP.CD,GDP (current US$)
HU,Hungary,2016,128983560865.293,NY.GDP.MKTP.CD,GDP (current US$)
IS,Iceland,2025,38582528789.0033,NY.GDP.MKTP.CD,GDP (current US$)
IS,Iceland,2024,33186621855.0053,NY.GDP.MKTP.CD,GDP (current US$)
IS,Iceland,2023,31701996433.7807,NY.GDP.MKTP.CD,GDP (current US$)
IS,Iceland,2022,29176227825.4736,NY.GDP.MKTP.CD,GDP (current US$)
IS,Iceland,2021,26234872402.457,NY.GDP.MKTP.CD,GDP (current US$)
IS,Iceland,2020,22034665040.7901,NY.GDP.MKTP.CD,GDP (current US$)
IS,Iceland,2019,24985687022.0452,NY.GDP.MKTP.CD,GDP (current US$)
IS,Iceland,2018,26677652544.3499,NY.GDP.MKTP.CD,GDP (current US$)
IS,Iceland,2017,25060086487.8901,NY.GDP.MKTP.CD,GDP (current US$)
IS,Iceland,2016,21083713310.457,NY.GDP.MKTP.CD,GDP (current US$)
IN,India,2025,3956067115771.63,NY.GDP.MKTP.CD,GDP (current US$)
IN,India,2024,3760813470500.86,NY.GDP.MKTP.CD,GDP (current US$)
IN,India,2023,3500906030644.76,NY.GDP.MKTP.CD,GDP (current US$)
IN,India,2022,3249938492013.47,NY.GDP.MKTP.CD,GDP (current US$)
IN,India,2021,3167270623260.47,NY.GDP.MKTP.CD,GDP (current US$)
IN,India,2020,2674851578587.27,NY.GDP.MKTP.CD,GDP (current US$)
IN,India,2019,2835606256558.19,NY.GDP.MKTP.CD,GDP (current US$)
IN,India,2018,2702929641648.74,NY.GDP.MKTP.CD,GDP (current US$)
IN,India,2017,2651474262755.45,NY.GDP.MKTP.CD,GDP (current US$)
IN,India,2016,2294796885663.16,NY.GDP.MKTP.CD,GDP (current US$)
ID,Indonesia,2025,1445642584163.81,NY.GDP.MKTP.CD,GDP (current US$)
ID,Indonesia,2024,1396301788461.69,NY.GDP.MKTP.CD,GDP (current US$)
ID,Indonesia,2023,1371166925749.88,NY.GDP.MKTP.CD,GDP (current US$)
ID,Indonesia,2022,1319101183380.15,NY.GDP.MKTP.CD,GDP (current US$)
ID,Indonesia,2021,1186509691086.73,NY.GDP.MKTP.CD,GDP (current US$)
ID,Indonesia,2020,1059054842698.48,NY.GDP.MKTP.CD,GDP (current US$)
ID,Indonesia,2019,1119099871350.2,NY.GDP.MKTP.CD,GDP (current US$)
ID,Indonesia,2018,1042271532988.63,NY.GDP.MKTP.CD,GDP (current US$)
ID,Indonesia,2017,1015618744159.73,NY.GDP.MKTP.CD,GDP (current US$)
ID,Indonesia,2016,931877364037.698,NY.GDP.MKTP.CD,GDP (current US$)
IR,"Iran, Islamic Rep.",2025,362682115433.364,NY.GDP.MKTP.CD,GDP (current US$)
IR,"Iran, Islamic Rep.",2024,475252089215.416,NY.GDP.MKTP.CD,GDP (current US$)
IR,"Iran, Islamic Rep.",2023,457510482317.483,NY.GDP.MKTP.CD,GDP (current US$)
IR,"Iran, Islamic Rep.",2022,422662261525.665,NY.GDP.MKTP.CD,GDP (current US$)
IR,"Iran, Islamic Rep.",2021,407350685583.335,NY.GDP.MKTP.CD,GDP (current US$)
IR,"Iran, Islamic Rep.",2020,280934329279.723,NY.GDP.MKTP.CD,GDP (current US$)
IR,"Iran, Islamic Rep.",2019,347988400957.999,NY.GDP.MKTP.CD,GDP (current US$)
IR,"Iran, Islamic Rep.",2018,411903303606.044,NY.GDP.MKTP.CD,GDP (current US$)
IR,"Iran, Islamic Rep.",2017,510239893417.645,NY.GDP.MKTP.CD,GDP (current US$)
IR,"Iran, Islamic Rep.",2016,478618064870.999,NY.GDP.MKTP.CD,GDP (current US$)
IQ,Iraq,2025,254367293538.462,NY.GDP.MKTP.CD,GDP (current US$)
IQ,Iraq,2024,279641257615.385,NY.GDP.MKTP.CD,GDP (current US$)
IQ,Iraq,2023,268881051643.549,NY.GDP.MKTP.CD,GDP (current US$)
IQ,Iraq,2022,287372232137.931,NY.GDP.MKTP.CD,GDP (current US$)
IQ,Iraq,2021,209691945713.103,NY.GDP.MKTP.CD,GDP (current US$)
IQ,Iraq,2020,180898797516.874,NY.GDP.MKTP.CD,GDP (current US$)
IQ,Iraq,2019,233636097800.338,NY.GDP.MKTP.CD,GDP (current US$)
IQ,Iraq,2018,227367469034.031,NY.GDP.MKTP.CD,GDP (current US$)
IQ,Iraq,2017,187217660050.676,NY.GDP.MKTP.CD,GDP (current US$)
IQ,Iraq,2016,166743557747.671,NY.GDP.MKTP.CD,GDP (current US$)
IE,Ireland,2025,721701359046.313,NY.GDP.MKTP.CD,GDP (current US$)
IE,Ireland,2024,609157459747.205,NY.GDP.MKTP.CD,GDP (current US$)
IE,Ireland,2023,567372737459.116,NY.GDP.MKTP.CD,GDP (current US$)
IE,Ireland,2022,548341794599.09,NY.GDP.MKTP.CD,GDP (current US$)
IE,Ireland,2021,530394123829.763,NY.GDP.MKTP.CD,GDP (current US$)
IE,Ireland,2020,436009027818.948,NY.GDP.MKTP.CD,GDP (current US$)
IE,Ireland,2019,407211793800.713,NY.GDP.MKTP.CD,GDP (current US$)
IE,Ireland,2018,395780319816.603,NY.GDP.MKTP.CD,GDP (current US$)
IE,Ireland,2017,348355212568.515,NY.GDP.MKTP.CD,GDP (current US$)
IE,Ireland,2016,305431252708.748,NY.GDP.MKTP.CD,GDP (current US$)
IM,Isle of Man,2025,,NY.GDP.MKTP.CD,GDP (current US$)
IM,Isle of Man,2024,,NY.GDP.MKTP.CD,GDP (current US$)
IM,Isle of Man,2023,7576129932.79381,NY.GDP.MKTP.CD,GDP (current US$)
IM,Isle of Man,2022,7431257410.92713,NY.GDP.MKTP.CD,GDP (current US$)
IM,Isle of Man,2021,7931193222.06405,NY.GDP.MKTP.CD,GDP (current US$)
IM,Isle of Man,2020,6684225641.02564,NY.GDP.MKTP.CD,GDP (current US$)
IM,Isle of Man,2019,7314967866.28289,NY.GDP.MKTP.CD,GDP (current US$)
IM,Isle of Man,2018,7491649455.92717,NY.GDP.MKTP.CD,GDP (current US$)
IM,Isle of Man,2017,6979788333.50279,NY.GDP.MKTP.CD,GDP (current US$)
IM,Isle of Man,2016,6846377563.00683,NY.GDP.MKTP.CD,GDP (current US$)
IL,Israel,2025,610777842873.595,NY.GDP.MKTP.CD,GDP (current US$)
IL,Israel,2024,542284494490.778,NY.GDP.MKTP.CD,GDP (current US$)
IL,Israel,2023,513393395491.904,NY.GDP.MKTP.CD,GDP (current US$)
IL,Israel,2022,525157951212.871,NY.GDP.MKTP.CD,GDP (current US$)
IL,Israel,2021,489735019666.026,NY.GDP.MKTP.CD,GDP (current US$)
IL,Israel,2020,410908899711.272,NY.GDP.MKTP.CD,GDP (current US$)
IL,Israel,2019,399207771081.611,NY.GDP.MKTP.CD,GDP (current US$)
IL,Israel,2018,375470422244.408,NY.GDP.MKTP.CD,GDP (current US$)
IL,Israel,2017,357360816856.642,NY.GDP.MKTP.CD,GDP (current US$)
IL,Israel,2016,321083954798.337,NY.GDP.MKTP.CD,GDP (current US$)
IT,Italy,2025,2551556954100.35,NY.GDP.MKTP.CD,GDP (current US$)
IT,Italy,2024,2383435562458.12,NY.GDP.MKTP.CD,GDP (current US$)
IT,Italy,2023,2316882296366.32,NY.GDP.MKTP.CD,GDP (current US$)
IT,Italy,2022,2104067630319.46,NY.GDP.MKTP.CD,GDP (current US$)
IT,Italy,2021,2179207773596.09,NY.GDP.MKTP.CD,GDP (current US$)
IT,Italy,2020,1907481094079.23,NY.GDP.MKTP.CD,GDP (current US$)
IT,Italy,2019,2019606796583.53,NY.GDP.MKTP.CD,GDP (current US$)
IT,Italy,2018,2099435266458.67,NY.GDP.MKTP.CD,GDP (current US$)
IT,Italy,2017,1970720904584.71,NY.GDP.MKTP.CD,GDP (current US$)
IT,Italy,2016,1887111188176.93,NY.GDP.MKTP.CD,GDP (current US$)
JM,Jamaica,2025,22704903217.5631,NY.GDP.MKTP.CD,GDP (current US$)
JM,Jamaica,2024,22014429050.9995,NY.GDP.MKTP.CD,GDP (current US$)
JM,Jamaica,2023,21418797832.8216,NY.GDP.MKTP.CD,GDP (current US$)
JM,Jamaica,2022,18813516805.214,NY.GDP.MKTP.CD,GDP (current US$)
JM,Jamaica,2021,15963885376.3537,NY.GDP.MKTP.CD,GDP (current US$)
JM,Jamaica,2020,15000214216.2439,NY.GDP.MKTP.CD,GDP (current US$)
JM,Jamaica,2019,17026269262.5307,NY.GDP.MKTP.CD,GDP (current US$)
JM,Jamaica,2018,16855447986.2221,NY.GDP.MKTP.CD,GDP (current US$)
JM,Jamaica,2017,15783583236.675,NY.GDP.MKTP.CD,GDP (current US$)
JM,Jamaica,2016,14898999754.1229,NY.GDP.MKTP.CD,GDP (current US$)
JP,Japan,2025,4435162999976.94,NY.GDP.MKTP.CD,GDP (current US$)
JP,Japan,2024,4190008188358.57,NY.GDP.MKTP.CD,GDP (current US$)
JP,Japan,2023,4384854269961.93,NY.GDP.MKTP.CD,GDP (current US$)
JP,Japan,2022,4447976207314.78,NY.GDP.MKTP.CD,GDP (current US$)
JP,Japan,2021,5225933520753.1,NY.GDP.MKTP.CD,GDP (current US$)
JP,Japan,2020,5189197543645.38,NY.GDP.MKTP.CD,GDP (current US$)
JP,Japan,2019,5245755000479.03,NY.GDP.MKTP.CD,GDP (current US$)
JP,Japan,2018,5154293721629.56,NY.GDP.MKTP.CD,GDP (current US$)
JP,Japan,2017,5038231631660.71,NY.GDP.MKTP.CD,GDP (current US$)
JP,Japan,2016,5110357383254.44,NY.GDP.MKTP.CD,GDP (current US$)
JO,Jordan,2025,61610052535.2113,NY.GDP.MKTP.CD,GDP (current US$)
JO,Jordan,2024,58618380563.3803,NY.GDP.MKTP.CD,GDP (current US$)
JO,Jordan,2023,56123472112.6761,NY.GDP.MKTP.CD,GDP (current US$)
JO,Jordan,2022,53516930140.8451,NY.GDP.MKTP.CD,GDP (current US$)
JO,Jordan,2021,50702940985.9155,NY.GDP.MKTP.CD,GDP (current US$)
JO,Jordan,2020,47931770985.9155,NY.GDP.MKTP.CD,GDP (current US$)
JO,Jordan,2019,48640273802.8169,NY.GDP.MKTP.CD,GDP (current US$)
JO,Jordan,2018,47435850422.5352,NY.GDP.MKTP.CD,GDP (current US$)
JO,Jordan,2017,45535614366.1972,NY.GDP.MKTP.CD,GDP (current US$)
JO,Jordan,2016,43688498732.3944,NY.GDP.MKTP.CD,GDP (current US$)
KZ,Kazakhstan,2025,306239209650.024,NY.GDP.MKTP.CD,GDP (current US$)
KZ,Kazakhstan,2024,291480274648.826,NY.GDP.MKTP.CD,GDP (current US$)
KZ,Kazakhstan,2023,261840101059.923,NY.GDP.MKTP.CD,GDP (current US$)
KZ,Kazakhstan,2022,225496328925.494,NY.GDP.MKTP.CD,GDP (current US$)
KZ,Kazakhstan,2021,197112255360.612,NY.GDP.MKTP.CD,GDP (current US$)
KZ,Kazakhstan,2020,171082365861.423,NY.GDP.MKTP.CD,GDP (current US$)
KZ,Kazakhstan,2019,181667184854.501,NY.GDP.MKTP.CD,GDP (current US$)
KZ,Kazakhstan,2018,179339977690.485,NY.GDP.MKTP.CD,GDP (current US$)
KZ,Kazakhstan,2017,166805788827.233,NY.GDP.MKTP.CD,GDP (current US$)
KZ,Kazakhstan,2016,137278320084.171,NY.GDP.MKTP.CD,GDP (current US$)
KE,Kenya,2025,135941278878.815,NY.GDP.MKTP.CD,GDP (current US$)
KE,Kenya,2024,120397537849.826,NY.GDP.MKTP.CD,GDP (current US$)
KE,Kenya,2023,107500884685.013,NY.GDP.MKTP.CD,GDP (current US$)
KE,Kenya,2022,114448978152.637,NY.GDP.MKTP.CD,GDP (current US$)
KE,Kenya,2021,109703658904.994,NY.GDP.MKTP.CD,GDP (current US$)
KE,Kenya,2020,100657505750.545,NY.GDP.MKTP.CD,GDP (current US$)
KE,Kenya,2019,100378436207.371,NY.GDP.MKTP.CD,GDP (current US$)
KE,Kenya,2018,92202979985.2863,NY.GDP.MKTP.CD,GDP (current US$)
KE,Kenya,2017,82036510877.2599,NY.GDP.MKTP.CD,GDP (current US$)
KE,Kenya,2016,74815144163.8931,NY.GDP.MKTP.CD,GDP (current US$)
KI,Kiribati,2025,349227254.158833,NY.GDP.MKTP.CD,GDP (current US$)
KI,Kiribati,2024,343153235.077124,NY.GDP.MKTP.CD,GDP (current US$)
KI,Kiribati,2023,291657337.839517,NY.GDP.MKTP.CD,GDP (current US$)
KI,Kiribati,2022,271214374.500577,NY.GDP.MKTP.CD,GDP (current US$)
KI,Kiribati,2021,285451584.406531,NY.GDP.MKTP.CD,GDP (current US$)
KI,Kiribati,2020,220909306.750809,NY.GDP.MKTP.CD,GDP (current US$)
KI,Kiribati,2019,216891541.021351,NY.GDP.MKTP.CD,GDP (current US$)
KI,Kiribati,2018,233859230.192198,NY.GDP.MKTP.CD,GDP (current US$)
KI,Kiribati,2017,223029864.54193,NY.GDP.MKTP.CD,GDP (current US$)
KI,Kiribati,2016,206467818.503227,NY.GDP.MKTP.CD,GDP (current US$)
KP,"Korea, Dem. People's Rep.",2025,,NY.GDP.MKTP.CD,GDP (current US$)
KP,"Korea, Dem. People's Rep.",2024,,NY.GDP.MKTP.CD,GDP (current US$)
KP,"Korea, Dem. People's Rep.",2023,,NY.GDP.MKTP.CD,GDP (current US$)
KP,"Korea, Dem. People's Rep.",2022,,NY.GDP.MKTP.CD,GDP (current US$)
KP,"Korea, Dem. People's Rep.",2021,,NY.GDP.MKTP.CD,GDP (current US$)
KP,"Korea, Dem. People's Rep.",2020,,NY.GDP.MKTP.CD,GDP (current US$)
KP,"Korea, Dem. People's Rep.",2019,,NY.GDP.MKTP.CD,GDP (current US$)
KP,"Korea, Dem. People's Rep.",2018,,NY.GDP.MKTP.CD,GDP (current US$)
KP,"Korea, Dem. People's Rep.",2017,,NY.GDP.MKTP.CD,GDP (current US$)
KP,"Korea, Dem. People's Rep.",2016,,NY.GDP.MKTP.CD,GDP (current US$)
KR,"Korea, Rep.",2025,1872374961553.15,NY.GDP.MKTP.CD,GDP (current US$)
KR,"Korea, Rep.",2024,1875388209406.8,NY.GDP.MKTP.CD,GDP (current US$)
KR,"Korea, Rep.",2023,1844800934391.54,NY.GDP.MKTP.CD,GDP (current US$)
KR,"Korea, Rep.",2022,1799363116866.52,NY.GDP.MKTP.CD,GDP (current US$)
KR,"Korea, Rep.",2021,1942313560965.9,NY.GDP.MKTP.CD,GDP (current US$)
KR,"Korea, Rep.",2020,1744070276373.34,NY.GDP.MKTP.CD,GDP (current US$)
KR,"Korea, Rep.",2019,1751045752054.63,NY.GDP.MKTP.CD,GDP (current US$)
KR,"Korea, Rep.",2018,1824251454306.83,NY.GDP.MKTP.CD,GDP (current US$)
KR,"Korea, Rep.",2017,1710196756713.17,NY.GDP.MKTP.CD,GDP (current US$)
KR,"Korea, Rep.",2016,1579150518945.44,NY.GDP.MKTP.CD,GDP (current US$)
XK,Kosovo,2025,12456403306.8191,NY.GDP.MKTP.CD,GDP (current US$)
XK,Kosovo,2024,11203038332.3359,NY.GDP.MKTP.CD,GDP (current US$)
XK,Kosovo,2023,10466753839.9923,NY.GDP.MKTP.CD,GDP (current US$)
XK,Kosovo,2022,9367633202.54673,NY.GDP.MKTP.CD,GDP (current US$)
XK,Kosovo,2021,9412099545.05799,NY.GDP.MKTP.CD,GDP (current US$)
XK,Kosovo,2020,7734497455.75411,NY.GDP.MKTP.CD,GDP (current US$)
XK,Kosovo,2019,7899204690.79214,NY.GDP.MKTP.CD,GDP (current US$)
XK,Kosovo,2018,7878762812.20156,NY.GDP.MKTP.CD,GDP (current US$)
XK,Kosovo,2017,7180768692.26354,NY.GDP.MKTP.CD,GDP (current US$)
XK,Kosovo,2016,6682674062.9615,NY.GDP.MKTP.CD,GDP (current US$)
KW,Kuwait,2025,157209026926.418,NY.GDP.MKTP.CD,GDP (current US$)
KW,Kuwait,2024,160903106639.233,NY.GDP.MKTP.CD,GDP (current US$)
KW,Kuwait,2023,165462656226.772,NY.GDP.MKTP.CD,GDP (current US$)
KW,Kuwait,2022,183502046693.878,NY.GDP.MKTP.CD,GDP (current US$)
KW,Kuwait,2021,148350671489.144,NY.GDP.MKTP.CD,GDP (current US$)
KW,Kuwait,2020,111045470605.715,NY.GDP.MKTP.CD,GDP (current US$)
KW,Kuwait,2019,140856394860.529,NY.GDP.MKTP.CD,GDP (current US$)
KW,Kuwait,2018,138646316350.727,NY.GDP.MKTP.CD,GDP (current US$)
KW,Kuwait,2017,120687539805.505,NY.GDP.MKTP.CD,GDP (current US$)
KW,Kuwait,2016,109406674124.652,NY.GDP.MKTP.CD,GDP (current US$)
KG,Kyrgyz Republic,2025,22623752095.4613,NY.GDP.MKTP.CD,GDP (current US$)
KG,Kyrgyz Republic,2024,18161630698.9052,NY.GDP.MKTP.CD,GDP (current US$)
KG,Kyrgyz Republic,2023,15180842369.4894,NY.GDP.MKTP.CD,GDP (current US$)
KG,Kyrgyz Republic,2022,12134931017.9465,NY.GDP.MKTP.CD,GDP (current US$)
KG,Kyrgyz Republic,2021,9249133946.26531,NY.GDP.MKTP.CD,GDP (current US$)
KG,Kyrgyz Republic,2020,8270468614.24051,NY.GDP.MKTP.CD,GDP (current US$)
KG,Kyrgyz Republic,2019,9371275264.36735,NY.GDP.MKTP.CD,GDP (current US$)
KG,Kyrgyz Republic,2018,8271106235.41552,NY.GDP.MKTP.CD,GDP (current US$)
KG,Kyrgyz Republic,2017,7702938379.42036,NY.GDP.MKTP.CD,GDP (current US$)
KG,Kyrgyz Republic,2016,6813095379.1187,NY.GDP.MKTP.CD,GDP (current US$)
LA,Lao PDR,2025,18302970218.5902,NY.GDP.MKTP.CD,GDP (current US$)
LA,Lao PDR,2024,16502933121.3379,NY.GDP.MKTP.CD,GDP (current US$)
LA,Lao PDR,2023,15843155731.2552,NY.GDP.MKTP.CD,GDP (current US$)
LA,Lao PDR,2022,15468785203.7532,NY.GDP.MKTP.CD,GDP (current US$)
LA,Lao PDR,2021,18827148530.9347,NY.GDP.MKTP.CD,GDP (current US$)
LA,Lao PDR,2020,18981805250.2424,NY.GDP.MKTP.CD,GDP (current US$)
LA,Lao PDR,2019,18740561512.5555,NY.GDP.MKTP.CD,GDP (current US$)
LA,Lao PDR,2018,18141641089.7963,NY.GDP.MKTP.CD,GDP (current US$)
LA,Lao PDR,2017,17071155481.4994,NY.GDP.MKTP.CD,GDP (current US$)
LA,Lao PDR,2016,15912501722.6143,NY.GDP.MKTP.CD,GDP (current US$)
LV,Latvia,2025,48618869160.3254,NY.GDP.MKTP.CD,GDP (current US$)
LV,Latvia,2024,44001275012.6141,NY.GDP.MKTP.CD,GDP (current US$)
LV,Latvia,2023,42779550936.838,NY.GDP.MKTP.CD,GDP (current US$)
LV,Latvia,2022,38003198508.9107,NY.GDP.MKTP.CD,GDP (current US$)
LV,Latvia,2021,38183326784.9335,NY.GDP.MKTP.CD,GDP (current US$)
LV,Latvia,2020,33379927434.6149,NY.GDP.MKTP.CD,GDP (current US$)
LV,Latvia,2019,33099503950.847,NY.GDP.MKTP.CD,GDP (current US$)
LV,Latvia,2018,33247935477.3576,NY.GDP.MKTP.CD,GDP (current US$)
LV,Latvia,2017,29391059767.4259,NY.GDP.MKTP.CD,GDP (current US$)
LV,Latvia,2016,27117105059.5075,NY.GDP.MKTP.CD,GDP (current US$)
LB,Lebanon,2025,,NY.GDP.MKTP.CD,GDP (current US$)
LB,Lebanon,2024,25971643441.3408,NY.GDP.MKTP.CD,GDP (current US$)
LB,Lebanon,2023,20078620356.9931,NY.GDP.MKTP.CD,GDP (current US$)
LB,Lebanon,2022,20992421948.8081,NY.GDP.MKTP.CD,GDP (current US$)
LB,Lebanon,2021,23131941556.7843,NY.GDP.MKTP.CD,GDP (current US$)
LB,Lebanon,2020,31712128253.7961,NY.GDP.MKTP.CD,GDP (current US$)
LB,Lebanon,2019,51605959131.2741,NY.GDP.MKTP.CD,GDP (current US$)
LB,Lebanon,2018,54901519155.5556,NY.GDP.MKTP.CD,GDP (current US$)
LB,Lebanon,2017,53027680685.9038,NY.GDP.MKTP.CD,GDP (current US$)
LB,Lebanon,2016,51147308774.1294,NY.GDP.MKTP.CD,GDP (current US$)
LS,Lesotho,2025,2573572920.05159,NY.GDP.MKTP.CD,GDP (current US$)
LS,Lesotho,2024,2391282547.80028,NY.GDP.MKTP.CD,GDP (current US$)
LS,Lesotho,2023,2129871529.52517,NY.GDP.MKTP.CD,GDP (current US$)
LS,Lesotho,2022,2354980960.02697,NY.GDP.MKTP.CD,GDP (current US$)
LS,Lesotho,2021,2412130056.55851,NY.GDP.MKTP.CD,GDP (current US$)
LS,Lesotho,2020,2053699863.99625,NY.GDP.MKTP.CD,GDP (current US$)
LS,Lesotho,2019,2390702295.82777,NY.GDP.MKTP.CD,GDP (current US$)
LS,Lesotho,2018,2556247291.99785,NY.GDP.MKTP.CD,GDP (current US$)
LS,Lesotho,2017,2306741672.29006,NY.GDP.MKTP.CD,GDP (current US$)
LS,Lesotho,2016,2114426452.2019,NY.GDP.MKTP.CD,GDP (current US$)
LR,Liberia,2025,5245938900.0,NY.GDP.MKTP.CD,GDP (current US$)
LR,Liberia,2024,4779300900.0,NY.GDP.MKTP.CD,GDP (current US$)
LR,Liberia,2023,4390000000.0,NY.GDP.MKTP.CD,GDP (current US$)
LR,Liberia,2022,4001047000.0,NY.GDP.MKTP.CD,GDP (current US$)
LR,Liberia,2021,3513049500.0,NY.GDP.MKTP.CD,GDP (current US$)
LR,Liberia,2020,3176126300.0,NY.GDP.MKTP.CD,GDP (current US$)
LR,Liberia,2019,3319596500.0,NY.GDP.MKTP.CD,GDP (current US$)
LR,Liberia,2018,3422754800.0,NY.GDP.MKTP.CD,GDP (current US$)
LR,Liberia,2017,3390703400.0,NY.GDP.MKTP.CD,GDP (current US$)
LR,Liberia,2016,3398419600.0,NY.GDP.MKTP.CD,GDP (current US$)
LY,Libya,2025,48098909613.6316,NY.GDP.MKTP.CD,GDP (current US$)
LY,Libya,2024,48487151215.345,NY.GDP.MKTP.CD,GDP (current US$)
LY,Libya,2023,44027664915.187,NY.GDP.MKTP.CD,GDP (current US$)
LY,Libya,2022,43246297921.8499,NY.GDP.MKTP.CD,GDP (current US$)
LY,Libya,2021,35217995647.2862,NY.GDP.MKTP.CD,GDP (current US$)
LY,Libya,2020,46854285440.642,NY.GDP.MKTP.CD,GDP (current US$)
LY,Libya,2019,69254496471.6938,NY.GDP.MKTP.CD,GDP (current US$)
LY,Libya,2018,76686029772.1483,NY.GDP.MKTP.CD,GDP (current US$)
LY,Libya,2017,67157452181.7738,NY.GDP.MKTP.CD,GDP (current US$)
LY,Libya,2016,49912073701.298,NY.GDP.MKTP.CD,GDP (current US$)
LI,Liechtenstein,2025,,NY.GDP.MKTP.CD,GDP (current US$)
LI,Liechtenstein,2024,8905764270.4054,NY.GDP.MKTP.CD,GDP (current US$)
LI,Liechtenstein,2023,8239379403.22096,NY.GDP.MKTP.CD,GDP (current US$)
LI,Liechtenstein,2022,7426856242.7736,NY.GDP.MKTP.CD,GDP (current US$)
LI,Liechtenstein,2021,7912602342.18895,NY.GDP.MKTP.CD,GDP (current US$)
LI,Liechtenstein,2020,6405870210.32293,NY.GDP.MKTP.CD,GDP (current US$)
LI,Liechtenstein,2019,6436467007.11932,NY.GDP.MKTP.CD,GDP (current US$)
LI,Liechtenstein,2018,6692620691.84146,NY.GDP.MKTP.CD,GDP (current US$)
LI,Liechtenstein,2017,6474308717.85289,NY.GDP.MKTP.CD,GDP (current US$)
LI,Liechtenstein,2016,6237302033.50132,NY.GDP.MKTP.CD,GDP (current US$)
LT,Lithuania,2025,95210150818.3512,NY.GDP.MKTP.CD,GDP (current US$)
LT,Lithuania,2024,85503938573.5664,NY.GDP.MKTP.CD,GDP (current US$)
LT,Lithuania,2023,80356613554.5602,NY.GDP.MKTP.CD,GDP (current US$)
LT,Lithuania,2022,70639687325.6326,NY.GDP.MKTP.CD,GDP (current US$)
LT,Lithuania,2021,67072165721.2431,NY.GDP.MKTP.CD,GDP (current US$)
LT,Lithuania,2020,57412038533.2718,NY.GDP.MKTP.CD,GDP (current US$)
LT,Lithuania,2019,55122066225.796,NY.GDP.MKTP.CD,GDP (current US$)
LT,Lithuania,2018,54261795148.5372,NY.GDP.MKTP.CD,GDP (current US$)
LT,Lithuania,2017,47756764508.446,NY.GDP.MKTP.CD,GDP (current US$)
LT,Lithuania,2016,42970749245.0336,NY.GDP.MKTP.CD,GDP (current US$)
LU,Luxembourg,2025,101157829491.107,NY.GDP.MKTP.CD,GDP (current US$)
LU,Luxembourg,2024,93279851863.4062,NY.GDP.MKTP.CD,GDP (current US$)
LU,Luxembourg,2023,88788881539.3937,NY.GDP.MKTP.CD,GDP (current US$)
LU,Luxembourg,2022,80801680397.0139,NY.GDP.MKTP.CD,GDP (current US$)
LU,Luxembourg,2021,86386759695.1653,NY.GDP.MKTP.CD,GDP (current US$)
LU,Luxembourg,2020,73670782100.3909,NY.GDP.MKTP.CD,GDP (current US$)
LU,Luxembourg,2019,69872035113.6469,NY.GDP.MKTP.CD,GDP (current US$)
LU,Luxembourg,2018,71085623495.1145,NY.GDP.MKTP.CD,GDP (current US$)
LU,Luxembourg,2017,65712180342.9836,NY.GDP.MKTP.CD,GDP (current US$)
LU,Luxembourg,2016,62216885435.9488,NY.GDP.MKTP.CD,GDP (current US$)
MO,"Macao SAR, China",2025,52061007670.169,NY.GDP.MKTP.CD,GDP (current US$)
MO,"Macao SAR, China",2024,49467258923.3244,NY.GDP.MKTP.CD,GDP (current US$)
MO,"Macao SAR, China",2023,45626467279.891,NY.GDP.MKTP.CD,GDP (current US$)
MO,"Macao SAR, China",2022,24929307447.3237,NY.GDP.MKTP.CD,GDP (current US$)
MO,"Macao SAR, China",2021,30633941629.3633,NY.GDP.MKTP.CD,GDP (current US$)
MO,"Macao SAR, China",2020,25280064167.7333,NY.GDP.MKTP.CD,GDP (current US$)
MO,"Macao SAR, China",2019,55025172016.004,NY.GDP.MKTP.CD,GDP (current US$)
MO,"Macao SAR, China",2018,55076322634.344,NY.GDP.MKTP.CD,GDP (current US$)
MO,"Macao SAR, China",2017,50297028370.6668,NY.GDP.MKTP.CD,GDP (current US$)
MO,"Macao SAR, China",2016,44964868323.7558,NY.GDP.MKTP.CD,GDP (current US$)
MG,Madagascar,2025,19620352035.7899,NY.GDP.MKTP.CD,GDP (current US$)
MG,Madagascar,2024,17592832696.1336,NY.GDP.MKTP.CD,GDP (current US$)
MG,Madagascar,2023,16036707975.7567,NY.GDP.MKTP.CD,GDP (current US$)
MG,Madagascar,2022,15342178598.2475,NY.GDP.MKTP.CD,GDP (current US$)
MG,Madagascar,2021,14354731964.3258,NY.GDP.MKTP.CD,GDP (current US$)
MG,Madagascar,2020,13051441204.053,NY.GDP.MKTP.CD,GDP (current US$)
MG,Madagascar,2019,14104664678.5063,NY.GDP.MKTP.CD,GDP (current US$)
MG,Madagascar,2018,13760033282.2925,NY.GDP.MKTP.CD,GDP (current US$)
MG,Madagascar,2017,13176313593.5509,NY.GDP.MKTP.CD,GDP (current US$)
MG,Madagascar,2016,11848613858.442,NY.GDP.MKTP.CD,GDP (current US$)
MW,Malawi,2025,14918276698.303,NY.GDP.MKTP.CD,GDP (current US$)
MW,Malawi,2024,11311971400.3864,NY.GDP.MKTP.CD,GDP (current US$)
MW,Malawi,2023,13363669672.9405,NY.GDP.MKTP.CD,GDP (current US$)
MW,Malawi,2022,12429059928.102,NY.GDP.MKTP.CD,GDP (current US$)
MW,Malawi,2021,12378119199.0839,NY.GDP.MKTP.CD,GDP (current US$)
MW,Malawi,2020,11769313597.8545,NY.GDP.MKTP.CD,GDP (current US$)
MW,Malawi,2019,11051852712.6142,NY.GDP.MKTP.CD,GDP (current US$)
MW,Malawi,2018,9879220354.29186,NY.GDP.MKTP.CD,GDP (current US$)
MW,Malawi,2017,8943543793.5839,NY.GDP.MKTP.CD,GDP (current US$)
MW,Malawi,2016,7909868618.46366,NY.GDP.MKTP.CD,GDP (current US$)
MY,Malaysia,2025,472193128644.597,NY.GDP.MKTP.CD,GDP (current US$)
MY,Malaysia,2024,422227005428.688,NY.GDP.MKTP.CD,GDP (current US$)
MY,Malaysia,2023,399949418752.657,NY.GDP.MKTP.CD,GDP (current US$)
MY,Malaysia,2022,407830525989.553,NY.GDP.MKTP.CD,GDP (current US$)
MY,Malaysia,2021,373784553029.978,NY.GDP.MKTP.CD,GDP (current US$)
MY,Malaysia,2020,337456163961.211,NY.GDP.MKTP.CD,GDP (current US$)
MY,Malaysia,2019,365177721021.516,NY.GDP.MKTP.CD,GDP (current US$)
MY,Malaysia,2018,358788845712.53,NY.GDP.MKTP.CD,GDP (current US$)
MY,Malaysia,2017,319109094160.343,NY.GDP.MKTP.CD,GDP (current US$)
MY,Malaysia,2016,301256033870.334,NY.GDP.MKTP.CD,GDP (current US$)
MV,Maldives,2025,7741066860.6337,NY.GDP.MKTP.CD,GDP (current US$)
MV,Maldives,2024,7061608267.25451,NY.GDP.MKTP.CD,GDP (current US$)
MV,Maldives,2023,6621008703.95743,NY.GDP.MKTP.CD,GDP (current US$)
MV,Maldives,2022,6177123352.26211,NY.GDP.MKTP.CD,GDP (current US$)
MV,Maldives,2021,5252457369.55218,NY.GDP.MKTP.CD,GDP (current US$)
MV,Maldives,2020,3712604583.36665,NY.GDP.MKTP.CD,GDP (current US$)
MV,Maldives,2019,5726094799.37709,NY.GDP.MKTP.CD,GDP (current US$)
MV,Maldives,2018,5404344162.69888,NY.GDP.MKTP.CD,GDP (current US$)
MV,Maldives,2017,4816426256.52914,NY.GDP.MKTP.CD,GDP (current US$)
MV,Maldives,2016,4409942623.85538,NY.GDP.MKTP.CD,GDP (current US$)
ML,Mali,2025,30069148580.7688,NY.GDP.MKTP.CD,GDP (current US$)
ML,Mali,2024,26761281076.7658,NY.GDP.MKTP.CD,GDP (current US$)
ML,Mali,2023,24777941860.767,NY.GDP.MKTP.CD,GDP (current US$)
ML,Mali,2022,22539987718.7642,NY.GDP.MKTP.CD,GDP (current US$)
ML,Mali,2021,22999245262.6719,NY.GDP.MKTP.CD,GDP (current US$)
ML,Mali,2020,20698560938.7775,NY.GDP.MKTP.CD,GDP (current US$)
ML,Mali,2019,20477421884.5414,NY.GDP.MKTP.CD,GDP (current US$)
ML,Mali,2018,20368015381.2413,NY.GDP.MKTP.CD,GDP (current US$)
ML,Mali,2017,18308362040.0521,NY.GDP.MKTP.CD,GDP (current US$)
ML,Mali,2016,16743796799.8329,NY.GDP.MKTP.CD,GDP (current US$)
MT,Malta,2025,27771821560.9411,NY.GDP.MKTP.CD,GDP (current US$)
MT,Malta,2024,25042712191.3281,NY.GDP.MKTP.CD,GDP (current US$)
MT,Malta,2023,22625329775.6867,NY.GDP.MKTP.CD,GDP (current US$)
MT,Malta,2022,18938869147.0818,NY.GDP.MKTP.CD,GDP (current US$)
MT,Malta,2021,19730119030.6198,NY.GDP.MKTP.CD,GDP (current US$)
MT,Malta,2020,16404655807.6687,NY.GDP.MKTP.CD,GDP (current US$)
MT,Malta,2019,16337788880.578,NY.GDP.MKTP.CD,GDP (current US$)
MT,Malta,2018,16153785816.8181,NY.GDP.MKTP.CD,GDP (current US$)
MT,Malta,2017,14161374599.3379,NY.GDP.MKTP.CD,GDP (current US$)
MT,Malta,2016,12025777078.0922,NY.GDP.MKTP.CD,GDP (current US$)
MH,Marshall Islands,2025,308000000.0,NY.GDP.MKTP.CD,GDP (current US$)
MH,Marshall Islands,2024,285000000.0,NY.GDP.MKTP.CD,GDP (current US$)
MH,Marshall Islands,2023,264000000.0,NY.GDP.MKTP.CD,GDP (current US$)
MH,Marshall Islands,2022,258723500.0,NY.GDP.MKTP.CD,GDP (current US$)
MH,Marshall Islands,2021,261245500.0,NY.GDP.MKTP.CD,GDP (current US$)
MH,Marshall Islands,2020,241800000.0,NY.GDP.MKTP.CD,GDP (current US$)
MH,Marshall Islands,2019,232900000.0,NY.GDP.MKTP.CD,GDP (current US$)
MH,Marshall Islands,2018,220000000.0,NY.GDP.MKTP.CD,GDP (current US$)
MH,Marshall Islands,2017,213700000.0,NY.GDP.MKTP.CD,GDP (current US$)
MH,Marshall Islands,2016,201800000.0,NY.GDP.MKTP.CD,GDP (current US$)
MR,Mauritania,2025,11679910946.4371,NY.GDP.MKTP.CD,GDP (current US$)
MR,Mauritania,2024,10879212033.4823,NY.GDP.MKTP.CD,GDP (current US$)
MR,Mauritania,2023,10687541640.1299,NY.GDP.MKTP.CD,GDP (current US$)
MR,Mauritania,2022,9562497460.55394,NY.GDP.MKTP.CD,GDP (current US$)
MR,Mauritania,2021,9221044666.76483,NY.GDP.MKTP.CD,GDP (current US$)
MR,Mauritania,2020,8260567356.81635,NY.GDP.MKTP.CD,GDP (current US$)
MR,Mauritania,2019,7894764885.82312,NY.GDP.MKTP.CD,GDP (current US$)
MR,Mauritania,2018,7475471309.52265,NY.GDP.MKTP.CD,GDP (current US$)
MR,Mauritania,2017,6812472965.33868,NY.GDP.MKTP.CD,GDP (current US$)
MR,Mauritania,2016,6407900701.25829,NY.GDP.MKTP.CD,GDP (current US$)
MU,Mauritius,2025,16157804491.7614,NY.GDP.MKTP.CD,GDP (current US$)
MU,Mauritius,2024,14938055690.3609,NY.GDP.MKTP.CD,GDP (current US$)
MU,Mauritius,2023,14072212290.4596,NY.GDP.MKTP.CD,GDP (current US$)
MU,Mauritius,2022,12936444123.3037,NY.GDP.MKTP.CD,GDP (current US$)
MU,Mauritius,2021,11622048696.8129,NY.GDP.MKTP.CD,GDP (current US$)
MU,Mauritius,2020,11566111137.5568,NY.GDP.MKTP.CD,GDP (current US$)
MU,Mauritius,2019,14645235204.6176,NY.GDP.MKTP.CD,GDP (current US$)
MU,Mauritius,2018,14957535715.9696,NY.GDP.MKTP.CD,GDP (current US$)
MU,Mauritius,2017,13896938315.2799,NY.GDP.MKTP.CD,GDP (current US$)
MU,Mauritius,2016,12757680846.5663,NY.GDP.MKTP.CD,GDP (current US$)
MX,Mexico,2025,1832641364775.52,NY.GDP.MKTP.CD,GDP (current US$)
MX,Mexico,2024,1830489311088.89,NY.GDP.MKTP.CD,GDP (current US$)
MX,Mexico,2023,1794410347718.25,NY.GDP.MKTP.CD,GDP (current US$)
MX,Mexico,2022,1466934724243.38,NY.GDP.MKTP.CD,GDP (current US$)
MX,Mexico,2021,1316569466833.94,NY.GDP.MKTP.CD,GDP (current US$)
MX,Mexico,2020,1121064767168.8,NY.GDP.MKTP.CD,GDP (current US$)
MX,Mexico,2019,1304106204006.27,NY.GDP.MKTP.CD,GDP (current US$)
MX,Mexico,2018,1256300182983.65,NY.GDP.MKTP.CD,GDP (current US$)
MX,Mexico,2017,1190721475853.16,NY.GDP.MKTP.CD,GDP (current US$)
MX,Mexico,2016,1112233497452.7,NY.GDP.MKTP.CD,GDP (current US$)
FM,"Micronesia, Fed. Sts.",2025,501797600.0,NY.GDP.MKTP.CD,GDP (current US$)
FM,"Micronesia, Fed. Sts.",2024,481121300.0,NY.GDP.MKTP.CD,GDP (current US$)
FM,"Micronesia, Fed. Sts.",2023,442975600.0,NY.GDP.MKTP.CD,GDP (current US$)
FM,"Micronesia, Fed. Sts.",2022,415232900.0,NY.GDP.MKTP.CD,GDP (current US$)
FM,"Micronesia, Fed. Sts.",2021,391601900.0,NY.GDP.MKTP.CD,GDP (current US$)
FM,"Micronesia, Fed. Sts.",2020,372902700.0,NY.GDP.MKTP.CD,GDP (current US$)
FM,"Micronesia, Fed. Sts.",2019,395000000.0,NY.GDP.MKTP.CD,GDP (current US$)
FM,"Micronesia, Fed. Sts.",2018,394000000.0,NY.GDP.MKTP.CD,GDP (current US$)
FM,"Micronesia, Fed. Sts.",2017,361000000.0,NY.GDP.MKTP.CD,GDP (current US$)
FM,"Micronesia, Fed. Sts.",2016,327000000.0,NY.GDP.MKTP.CD,GDP (current US$)
MD,Moldova,2025,20351796275.2943,NY.GDP.MKTP.CD,GDP (current US$)
MD,Moldova,2024,18206842140.7615,NY.GDP.MKTP.CD,GDP (current US$)
MD,Moldova,2023,16711906746.2133,NY.GDP.MKTP.CD,GDP (current US$)
MD,Moldova,2022,14525337523.7271,NY.GDP.MKTP.CD,GDP (current US$)
MD,Moldova,2021,13691869264.0794,NY.GDP.MKTP.CD,GDP (current US$)
MD,Moldova,2020,11530746234.4492,NY.GDP.MKTP.CD,GDP (current US$)
MD,Moldova,2019,11736797054.6965,NY.GDP.MKTP.CD,GDP (current US$)
MD,Moldova,2018,11252353420.8798,NY.GDP.MKTP.CD,GDP (current US$)
MD,Moldova,2017,9514404016.20949,NY.GDP.MKTP.CD,GDP (current US$)
MD,Moldova,2016,7980917075.7748,NY.GDP.MKTP.CD,GDP (current US$)
MC,Monaco,2025,,NY.GDP.MKTP.CD,GDP (current US$)
MC,Monaco,2024,11125788838.2812,NY.GDP.MKTP.CD,GDP (current US$)
MC,Monaco,2023,10003897341.1766,NY.GDP.MKTP.CD,GDP (current US$)
MC,Monaco,2022,8800432773.73544,NY.GDP.MKTP.CD,GDP (current US$)
MC,Monaco,2021,8623241326.74405,NY.GDP.MKTP.CD,GDP (current US$)
MC,Monaco,2020,6730733230.81714,NY.GDP.MKTP.CD,GDP (current US$)
MC,Monaco,2019,7383494129.41175,NY.GDP.MKTP.CD,GDP (current US$)
MC,Monaco,2018,7184336760.39215,NY.GDP.MKTP.CD,GDP (current US$)
MC,Monaco,2017,6430258224.58825,NY.GDP.MKTP.CD,GDP (current US$)
MC,Monaco,2016,6471287668.59924,NY.GDP.MKTP.CD,GDP (current US$)
MN,Mongolia,2025,25369107325.4549,NY.GDP.MKTP.CD,GDP (current US$)
MN,Mongolia,2024,23794540024.5132,NY.GDP.MKTP.CD,GDP (current US$)
MN,Mongolia,2023,20325121393.9074,NY.GDP.MKTP.CD,GDP (current US$)
MN,Mongolia,2022,17146471713.748,NY.GDP.MKTP.CD,GDP (current US$)
MN,Mongolia,2021,15286441737.6686,NY.GDP.MKTP.CD,GDP (current US$)
MN,Mongolia,2020,13312981429.0891,NY.GDP.MKTP.CD,GDP (current US$)
MN,Mongolia,2019,14206359017.5143,NY.GDP.MKTP.CD,GDP (current US$)
MN,Mongolia,2018,13178094720.4986,NY.GDP.MKTP.CD,GDP (current US$)
MN,Mongolia,2017,11480847740.736,NY.GDP.MKTP.CD,GDP (current US$)
MN,Mongolia,2016,11181350649.3573,NY.GDP.MKTP.CD,GDP (current US$)
ME,Montenegro,2025,9232801464.79257,NY.GDP.MKTP.CD,GDP (current US$)
ME,Montenegro,2024,8274290505.96367,NY.GDP.MKTP.CD,GDP (current US$)
ME,Montenegro,2023,7643318276.40347,NY.GDP.MKTP.CD,GDP (current US$)
ME,Montenegro,2022,6259721790.0652,NY.GDP.MKTP.CD,GDP (current US$)
ME,Montenegro,2021,5822908963.58053,NY.GDP.MKTP.CD,GDP (current US$)
ME,Montenegro,2020,4734192593.29169,NY.GDP.MKTP.CD,GDP (current US$)
ME,Montenegro,2019,5483622632.13097,NY.GDP.MKTP.CD,GDP (current US$)
ME,Montenegro,2018,5433469310.85184,NY.GDP.MKTP.CD,GDP (current US$)
ME,Montenegro,2017,4803964684.21648,NY.GDP.MKTP.CD,GDP (current US$)
ME,Montenegro,2016,4357467226.269,NY.GDP.MKTP.CD,GDP (current US$)
MA,Morocco,2025,182374250612.28,NY.GDP.MKTP.CD,GDP (current US$)
MA,Morocco,2024,160610994054.734,NY.GDP.MKTP.CD,GDP (current US$)
MA,Morocco,2023,146036093666.762,NY.GDP.MKTP.CD,GDP (current US$)
MA,Morocco,2022,131245312804.483,NY.GDP.MKTP.CD,GDP (current US$)
MA,Morocco,2021,142022058447.231,NY.GDP.MKTP.CD,GDP (current US$)
MA,Morocco,2020,121353645057.144,NY.GDP.MKTP.CD,GDP (current US$)
MA,Morocco,2019,128920266409.458,NY.GDP.MKTP.CD,GDP (current US$)
MA,Morocco,2018,127341147581.818,NY.GDP.MKTP.CD,GDP (current US$)
MA,Morocco,2017,118540573367.844,NY.GDP.MKTP.CD,GDP (current US$)
MA,Morocco,2016,111572947004.917,NY.GDP.MKTP.CD,GDP (current US$)
MZ,Mozambique,2025,22337997046.1913,NY.GDP.MKTP.CD,GDP (current US$)
MZ,Mozambique,2024,22752244245.473,NY.GDP.MKTP.CD,GDP (current US$)
MZ,Mozambique,2023,20927498317.3094,NY.GDP.MKTP.CD,GDP (current US$)
MZ,Mozambique,2022,18884232598.8698,NY.GDP.MKTP.CD,GDP (current US$)
MZ,Mozambique,2021,16168055475.4449,NY.GDP.MKTP.CD,GDP (current US$)
MZ,Mozambique,2020,14235420174.1884,NY.GDP.MKTP.CD,GDP (current US$)
MZ,Mozambique,2019,15512759046.672,NY.GDP.MKTP.CD,GDP (current US$)
MZ,Mozambique,2018,15017358952.8452,NY.GDP.MKTP.CD,GDP (current US$)
MZ,Mozambique,2017,13264640645.7768,NY.GDP.MKTP.CD,GDP (current US$)
MZ,Mozambique,2016,12069051237.1711,NY.GDP.MKTP.CD,GDP (current US$)
MM,Myanmar,2025,81665773809.5238,NY.GDP.MKTP.CD,GDP (current US$)
MM,Myanmar,2024,74068349523.8095,NY.GDP.MKTP.CD,GDP (current US$)
MM,Myanmar,2023,66757619000.0,NY.GDP.MKTP.CD,GDP (current US$)
MM,Myanmar,2022,62253049891.6449,NY.GDP.MKTP.CD,GDP (current US$)
MM,Myanmar,2021,66345291160.1683,NY.GDP.MKTP.CD,GDP (current US$)
MM,Myanmar,2020,79006113643.1906,NY.GDP.MKTP.CD,GDP (current US$)
MM,Myanmar,2019,75065106227.6892,NY.GDP.MKTP.CD,GDP (current US$)
MM,Myanmar,2018,67860515989.517,NY.GDP.MKTP.CD,GDP (current US$)
MM,Myanmar,2017,66053040483.0016,NY.GDP.MKTP.CD,GDP (current US$)
MM,Myanmar,2016,63298361996.2153,NY.GDP.MKTP.CD,GDP (current US$)
NA,Namibia,2025,15080340653.5276,NY.GDP.MKTP.CD,GDP (current US$)
NA,Namibia,2024,13641190683.4641,NY.GDP.MKTP.CD,GDP (current US$)
NA,Namibia,2023,12522012873.7957,NY.GDP.MKTP.CD,GDP (current US$)
NA,Namibia,2022,12569449123.3661,NY.GDP.MKTP.CD,GDP (current US$)
NA,Namibia,2021,12402486183.6396,NY.GDP.MKTP.CD,GDP (current US$)
NA,Namibia,2020,10583748541.5258,NY.GDP.MKTP.CD,GDP (current US$)
NA,Namibia,2019,12541928303.48,NY.GDP.MKTP.CD,GDP (current US$)
NA,Namibia,2018,13682019076.4022,NY.GDP.MKTP.CD,GDP (current US$)
NA,Namibia,2017,12895153370.9132,NY.GDP.MKTP.CD,GDP (current US$)
NA,Namibia,2016,10722018732.0936,NY.GDP.MKTP.CD,GDP (current US$)
NR,Naoero,2025,176040043.932346,NY.GDP.MKTP.CD,GDP (current US$)
NR,Naoero,2024,167833414.846177,NY.GDP.MKTP.CD,GDP (current US$)
NR,Naoero,2023,161531316.884061,NY.GDP.MKTP.CD,GDP (current US$)
NR,Naoero,2022,180671357.349805,NY.GDP.MKTP.CD,GDP (current US$)
NR,Naoero,2021,149268323.992868,NY.GDP.MKTP.CD,GDP (current US$)
NR,Naoero,2020,124685688.161094,NY.GDP.MKTP.CD,GDP (current US$)
NR,Naoero,2019,125160115.547819,NY.GDP.MKTP.CD,GDP (current US$)
NR,Naoero,2018,130995566.30391,NY.GDP.MKTP.CD,GDP (current US$)
NR,Naoero,2017,109355638.866955,NY.GDP.MKTP.CD,GDP (current US$)
NR,Naoero,2016,97541943.0355053,NY.GDP.MKTP.CD,GDP (current US$)
NP,Nepal,2025,45489810283.1132,NY.GDP.MKTP.CD,GDP (current US$)
NP,Nepal,2024,43298911699.9284,NY.GDP.MKTP.CD,GDP (current US$)
NP,Nepal,2023,41049329851.0546,NY.GDP.MKTP.CD,GDP (current US$)
NP,Nepal,2022,41182939519.8161,NY.GDP.MKTP.CD,GDP (current US$)
NP,Nepal,2021,36924841394.2605,NY.GDP.MKTP.CD,GDP (current US$)
NP,Nepal,2020,33433659301.2466,NY.GDP.MKTP.CD,GDP (current US$)
NP,Nepal,2019,34186180699.0255,NY.GDP.MKTP.CD,GDP (current US$)
NP,Nepal,2018,33111525237.149,NY.GDP.MKTP.CD,GDP (current US$)
NP,Nepal,2017,28971588940.364,NY.GDP.MKTP.CD,GDP (current US$)
NP,Nepal,2016,24524109483.5293,NY.GDP.MKTP.CD,GDP (current US$)
NL,Netherlands,2025,1332767651100.39,NY.GDP.MKTP.CD,GDP (current US$)
NL,Netherlands,2024,1213936238063.28,NY.GDP.MKTP.CD,GDP (current US$)
NL,Netherlands,2023,1135475867551.0,NY.GDP.MKTP.CD,GDP (current US$)
NL,Netherlands,2022,1046540797548.64,NY.GDP.MKTP.CD,GDP (current US$)
NL,Netherlands,2021,1054472123449.6,NY.GDP.MKTP.CD,GDP (current US$)
NL,Netherlands,2020,932560861701.17,NY.GDP.MKTP.CD,GDP (current US$)
NL,Netherlands,2019,928903005576.469,NY.GDP.MKTP.CD,GDP (current US$)
NL,Netherlands,2018,929733599796.862,NY.GDP.MKTP.CD,GDP (current US$)
NL,Netherlands,2017,848233537845.884,NY.GDP.MKTP.CD,GDP (current US$)
NL,Netherlands,2016,797163949289.885,NY.GDP.MKTP.CD,GDP (current US$)
NC,New Caledonia,2025,,NY.GDP.MKTP.CD,GDP (current US$)
NC,New Caledonia,2024,8548919387.12607,NY.GDP.MKTP.CD,GDP (current US$)
NC,New Caledonia,2023,9769167530.35744,NY.GDP.MKTP.CD,GDP (current US$)
NC,New Caledonia,2022,9623318718.31459,NY.GDP.MKTP.CD,GDP (current US$)
NC,New Caledonia,2021,10071349663.8484,NY.GDP.MKTP.CD,GDP (current US$)
NC,New Caledonia,2020,9454629467.91408,NY.GDP.MKTP.CD,GDP (current US$)
NC,New Caledonia,2019,9475655324.59495,NY.GDP.MKTP.CD,GDP (current US$)
NC,New Caledonia,2018,9896402283.68587,NY.GDP.MKTP.CD,GDP (current US$)
NC,New Caledonia,2017,9174048681.98577,NY.GDP.MKTP.CD,GDP (current US$)
NC,New Caledonia,2016,8724568954.89799,NY.GDP.MKTP.CD,GDP (current US$)
NZ,New Zealand,2025,264057413739.965,NY.GDP.MKTP.CD,GDP (current US$)
NZ,New Zealand,2024,261497198363.906,NY.GDP.MKTP.CD,GDP (current US$)
NZ,New Zealand,2023,256372177757.764,NY.GDP.MKTP.CD,GDP (current US$)
NZ,New Zealand,2022,249723029451.237,NY.GDP.MKTP.CD,GDP (current US$)
NZ,New Zealand,2021,253732493987.834,NY.GDP.MKTP.CD,GDP (current US$)
NZ,New Zealand,2020,213318129988.602,NY.GDP.MKTP.CD,GDP (current US$)
NZ,New Zealand,2019,213088034258.42,NY.GDP.MKTP.CD,GDP (current US$)
NZ,New Zealand,2018,211726161989.495,NY.GDP.MKTP.CD,GDP (current US$)
NZ,New Zealand,2017,206561943051.354,NY.GDP.MKTP.CD,GDP (current US$)
NZ,New Zealand,2016,188980351890.848,NY.GDP.MKTP.CD,GDP (current US$)
NI,Nicaragua,2025,22237167113.0916,NY.GDP.MKTP.CD,GDP (current US$)
NI,Nicaragua,2024,19696311850.3289,NY.GDP.MKTP.CD,GDP (current US$)
NI,Nicaragua,2023,17805842220.7571,NY.GDP.MKTP.CD,GDP (current US$)
NI,Nicaragua,2022,15634573555.9049,NY.GDP.MKTP.CD,GDP (current US$)
NI,Nicaragua,2021,14209019392.3025,NY.GDP.MKTP.CD,GDP (current US$)
NI,Nicaragua,2020,12726422432.4868,NY.GDP.MKTP.CD,GDP (current US$)
NI,Nicaragua,2019,12699023614.245,NY.GDP.MKTP.CD,GDP (current US$)
NI,Nicaragua,2018,13025221974.232,NY.GDP.MKTP.CD,GDP (current US$)
NI,Nicaragua,2017,13785893007.4769,NY.GDP.MKTP.CD,GDP (current US$)
NI,Nicaragua,2016,13286093388.4752,NY.GDP.MKTP.CD,GDP (current US$)
NE,Niger,2025,21646191388.2507,NY.GDP.MKTP.CD,GDP (current US$)
NE,Niger,2024,19729786046.7618,NY.GDP.MKTP.CD,GDP (current US$)
NE,Niger,2023,16949765463.9058,NY.GDP.MKTP.CD,GDP (current US$)
NE,Niger,2022,15531799640.9005,NY.GDP.MKTP.CD,GDP (current US$)
NE,Niger,2021,14936154253.3242,NY.GDP.MKTP.CD,GDP (current US$)
NE,Niger,2020,13648332189.7307,NY.GDP.MKTP.CD,GDP (current US$)
NE,Niger,2019,12420836506.7888,NY.GDP.MKTP.CD,GDP (current US$)
NE,Niger,2018,12800907985.9863,NY.GDP.MKTP.CD,GDP (current US$)
NE,Niger,2017,11359273443.3897,NY.GDP.MKTP.CD,GDP (current US$)
NE,Niger,2016,10341025540.2322,NY.GDP.MKTP.CD,GDP (current US$)
NG,Nigeria,2025,290794361542.112,NY.GDP.MKTP.CD,GDP (current US$)
NG,Nigeria,2024,252261880140.271,NY.GDP.MKTP.CD,GDP (current US$)
NG,Nigeria,2023,487387801877.803,NY.GDP.MKTP.CD,GDP (current US$)
NG,Nigeria,2022,646950257575.455,NY.GDP.MKTP.CD,GDP (current US$)
NG,Nigeria,2021,609147716965.348,NY.GDP.MKTP.CD,GDP (current US$)
NG,Nigeria,2020,598586817817.392,NY.GDP.MKTP.CD,GDP (current US$)
NG,Nigeria,2019,668219992686.575,NY.GDP.MKTP.CD,GDP (current US$)
NG,Nigeria,2018,421739251509.08,NY.GDP.MKTP.CD,GDP (current US$)
NG,Nigeria,2017,375745731053.427,NY.GDP.MKTP.CD,GDP (current US$)
NG,Nigeria,2016,404649125252.16,NY.GDP.MKTP.CD,GDP (current US$)
MK,North Macedonia,2025,19101199817.0174,NY.GDP.MKTP.CD,GDP (current US$)
MK,North Macedonia,2024,16951682221.3962,NY.GDP.MKTP.CD,GDP (current US$)
MK,North Macedonia,2023,15855131188.9092,NY.GDP.MKTP.CD,GDP (current US$)
MK,North Macedonia,2022,13932436550.0883,NY.GDP.MKTP.CD,GDP (current US$)
MK,North Macedonia,2021,14000283827.0154,NY.GDP.MKTP.CD,GDP (current US$)
MK,North Macedonia,2020,12361036913.8409,NY.GDP.MKTP.CD,GDP (current US$)
MK,North Macedonia,2019,12606338448.547,NY.GDP.MKTP.CD,GDP (current US$)
MK,North Macedonia,2018,12683068114.2388,NY.GDP.MKTP.CD,GDP (current US$)
MK,North Macedonia,2017,11307067069.6658,NY.GDP.MKTP.CD,GDP (current US$)
MK,North Macedonia,2016,10672467073.2873,NY.GDP.MKTP.CD,GDP (current US$)
MP,Northern Mariana Islands,2025,,NY.GDP.MKTP.CD,GDP (current US$)
MP,Northern Mariana Islands,2024,,NY.GDP.MKTP.CD,GDP (current US$)
MP,Northern Mariana Islands,2023,,NY.GDP.MKTP.CD,GDP (current US$)
MP,Northern Mariana Islands,2022,1096000000.0,NY.GDP.MKTP.CD,GDP (current US$)
MP,Northern Mariana Islands,2021,914000000.0,NY.GDP.MKTP.CD,GDP (current US$)
MP,Northern Mariana Islands,2020,866000000.0,NY.GDP.MKTP.CD,GDP (current US$)
MP,Northern Mariana Islands,2019,1179000000.0,NY.GDP.MKTP.CD,GDP (current US$)
MP,Northern Mariana Islands,2018,1301000000.0,NY.GDP.MKTP.CD,GDP (current US$)
MP,Northern Mariana Islands,2017,1560000000.0,NY.GDP.MKTP.CD,GDP (current US$)
MP,Northern Mariana Islands,2016,1230000000.0,NY.GDP.MKTP.CD,GDP (current US$)
NO,Norway,2025,530755719438.879,NY.GDP.MKTP.CD,GDP (current US$)
NO,Norway,2024,500886328034.123,NY.GDP.MKTP.CD,GDP (current US$)
NO,Norway,2023,502197633322.816,NY.GDP.MKTP.CD,GDP (current US$)
NO,Norway,2022,617321834098.986,NY.GDP.MKTP.CD,GDP (current US$)
NO,Norway,2021,521592200232.829,NY.GDP.MKTP.CD,GDP (current US$)
NO,Norway,2020,382252517921.94,NY.GDP.MKTP.CD,GDP (current US$)
NO,Norway,2019,424244886363.636,NY.GDP.MKTP.CD,GDP (current US$)
NO,Norway,2018,454588871810.636,NY.GDP.MKTP.CD,GDP (current US$)
NO,Norway,2017,415673181543.421,NY.GDP.MKTP.CD,GDP (current US$)
NO,Norway,2016,383284047619.048,NY.GDP.MKTP.CD,GDP (current US$)
OM,Oman,2025,109604780696.23,NY.GDP.MKTP.CD,GDP (current US$)
OM,Oman,2024,107137198699.61,NY.GDP.MKTP.CD,GDP (current US$)
OM,Oman,2023,106174707932.38,NY.GDP.MKTP.CD,GDP (current US$)
OM,Oman,2022,109852795838.752,NY.GDP.MKTP.CD,GDP (current US$)
OM,Oman,2021,87323797139.1417,NY.GDP.MKTP.CD,GDP (current US$)
OM,Oman,2020,75909492847.8544,NY.GDP.MKTP.CD,GDP (current US$)
OM,Oman,2019,88060858257.4772,NY.GDP.MKTP.CD,GDP (current US$)
OM,Oman,2018,91505851755.5267,NY.GDP.MKTP.CD,GDP (current US$)
OM,Oman,2017,80856697009.1027,NY.GDP.MKTP.CD,GDP (current US$)
OM,Oman,2016,75128738621.5865,NY.GDP.MKTP.CD,GDP (current US$)
PK,Pakistan,2025,407307214476.222,NY.GDP.MKTP.CD,GDP (current US$)
PK,Pakistan,2024,371747087751.306,NY.GDP.MKTP.CD,GDP (current US$)
PK,Pakistan,2023,336686348609.266,NY.GDP.MKTP.CD,GDP (current US$)
PK,Pakistan,2022,374890295666.694,NY.GDP.MKTP.CD,GDP (current US$)
PK,Pakistan,2021,348516647445.148,NY.GDP.MKTP.CD,GDP (current US$)
PK,Pakistan,2020,300425609817.981,NY.GDP.MKTP.CD,GDP (current US$)
PK,Pakistan,2019,320909472770.669,NY.GDP.MKTP.CD,GDP (current US$)
PK,Pakistan,2018,356128166704.921,NY.GDP.MKTP.CD,GDP (current US$)
PK,Pakistan,2017,339205534861.1,NY.GDP.MKTP.CD,GDP (current US$)
PK,Pakistan,2016,313630000130.435,NY.GDP.MKTP.CD,GDP (current US$)
PW,Palau,2025,345000000.0,NY.GDP.MKTP.CD,GDP (current US$)
PW,Palau,2024,321501812.5,NY.GDP.MKTP.CD,GDP (current US$)
PW,Palau,2023,276157406.25,NY.GDP.MKTP.CD,GDP (current US$)
PW,Palau,2022,247470812.5,NY.GDP.MKTP.CD,GDP (current US$)
PW,Palau,2021,235935734.375,NY.GDP.MKTP.CD,GDP (current US$)
PW,Palau,2020,258985859.375,NY.GDP.MKTP.CD,GDP (current US$)
PW,Palau,2019,281954000.0,NY.GDP.MKTP.CD,GDP (current US$)
PW,Palau,2018,288228343.75,NY.GDP.MKTP.CD,GDP (current US$)
PW,Palau,2017,289983656.25,NY.GDP.MKTP.CD,GDP (current US$)
PW,Palau,2016,303326125.0,NY.GDP.MKTP.CD,GDP (current US$)
PA,Panama,2025,90462600000.0,NY.GDP.MKTP.CD,GDP (current US$)
PA,Panama,2024,86523959100.0,NY.GDP.MKTP.CD,GDP (current US$)
PA,Panama,2023,83812155200.0,NY.GDP.MKTP.CD,GDP (current US$)
PA,Panama,2022,76479304500.0,NY.GDP.MKTP.CD,GDP (current US$)
PA,Panama,2021,67396392500.0,NY.GDP.MKTP.CD,GDP (current US$)
PA,Panama,2020,57059846500.0,NY.GDP.MKTP.CD,GDP (current US$)
PA,Panama,2019,69778991200.0,NY.GDP.MKTP.CD,GDP (current US$)
PA,Panama,2018,67316471200.0,NY.GDP.MKTP.CD,GDP (current US$)
PA,Panama,2017,64327688800.0,NY.GDP.MKTP.CD,GDP (current US$)
PA,Panama,2016,59760858700.0,NY.GDP.MKTP.CD,GDP (current US$)
PG,Papua New Guinea,2025,32498658653.8415,NY.GDP.MKTP.CD,GDP (current US$)
PG,Papua New Guinea,2024,30803971189.4102,NY.GDP.MKTP.CD,GDP (current US$)
PG,Papua New Guinea,2023,30816328065.6492,NY.GDP.MKTP.CD,GDP (current US$)
PG,Papua New Guinea,2022,31653230962.4549,NY.GDP.MKTP.CD,GDP (current US$)
PG,Papua New Guinea,2021,26113409477.7318,NY.GDP.MKTP.CD,GDP (current US$)
PG,Papua New Guinea,2020,23848447849.6081,NY.GDP.MKTP.CD,GDP (current US$)
PG,Papua New Guinea,2019,24750626029.8777,NY.GDP.MKTP.CD,GDP (current US$)
PG,Papua New Guinea,2018,24109780708.0268,NY.GDP.MKTP.CD,GDP (current US$)
PG,Papua New Guinea,2017,22742699138.356,NY.GDP.MKTP.CD,GDP (current US$)
PG,Papua New Guinea,2016,20758876952.6232,NY.GDP.MKTP.CD,GDP (current US$)
PY,Paraguay,2025,49278227554.3339,NY.GDP.MKTP.CD,GDP (current US$)
PY,Paraguay,2024,44738819362.3269,NY.GDP.MKTP.CD,GDP (current US$)
PY,Paraguay,2023,43140465595.6662,NY.GDP.MKTP.CD,GDP (current US$)
PY,Paraguay,2022,41841201626.7253,NY.GDP.MKTP.CD,GDP (current US$)
PY,Paraguay,2021,39937357255.8716,NY.GDP.MKTP.CD,GDP (current US$)
PY,Paraguay,2020,35432178068.1814,NY.GDP.MKTP.CD,GDP (current US$)
PY,Paraguay,2019,37925338329.1494,NY.GDP.MKTP.CD,GDP (current US$)
PY,Paraguay,2018,40225448340.6322,NY.GDP.MKTP.CD,GDP (current US$)
PY,Paraguay,2017,38997129473.5558,NY.GDP.MKTP.CD,GDP (current US$)
PY,Paraguay,2016,36089700222.9461,NY.GDP.MKTP.CD,GDP (current US$)
PE,Peru,2025,334854659181.893,NY.GDP.MKTP.CD,GDP (current US$)
PE,Peru,2024,291751523018.903,NY.GDP.MKTP.CD,GDP (current US$)
PE,Peru,2023,268025009709.319,NY.GDP.MKTP.CD,GDP (current US$)
PE,Peru,2022,246169867862.821,NY.GDP.MKTP.CD,GDP (current US$)
PE,Peru,2021,226406075008.878,NY.GDP.MKTP.CD,GDP (current US$)
PE,Peru,2020,201409694755.934,NY.GDP.MKTP.CD,GDP (current US$)
PE,Peru,2019,228346006003.648,NY.GDP.MKTP.CD,GDP (current US$)
PE,Peru,2018,222597009739.235,NY.GDP.MKTP.CD,GDP (current US$)
PE,Peru,2017,211007984080.911,NY.GDP.MKTP.CD,GDP (current US$)
PE,Peru,2016,191898104390.379,NY.GDP.MKTP.CD,GDP (current US$)
PH,Philippines,2025,487086123720.417,NY.GDP.MKTP.CD,GDP (current US$)
PH,Philippines,2024,461671157904.74,NY.GDP.MKTP.CD,GDP (current US$)
PH,Philippines,2023,437055627245.138,NY.GDP.MKTP.CD,GDP (current US$)
PH,Philippines,2022,404353369604.631,NY.GDP.MKTP.CD,GDP (current US$)
PH,Philippines,2021,394087359848.11,NY.GDP.MKTP.CD,GDP (current US$)
PH,Philippines,2020,361751145451.597,NY.GDP.MKTP.CD,GDP (current US$)
PH,Philippines,2019,376823402239.136,NY.GDP.MKTP.CD,GDP (current US$)
PH,Philippines,2018,346841896587.313,NY.GDP.MKTP.CD,GDP (current US$)
PH,Philippines,2017,328480736802.76,NY.GDP.MKTP.CD,GDP (current US$)
PH,Philippines,2016,318627003016.731,NY.GDP.MKTP.CD,GDP (current US$)
PL,Poland,2025,1035491784197.44,NY.GDP.MKTP.CD,GDP (current US$)
PL,Poland,2024,917767106146.761,NY.GDP.MKTP.CD,GDP (current US$)
PL,Poland,2023,812451193396.143,NY.GDP.MKTP.CD,GDP (current US$)
PL,Poland,2022,695607470875.276,NY.GDP.MKTP.CD,GDP (current US$)
PL,Poland,2021,689170230665.35,NY.GDP.MKTP.CD,GDP (current US$)
PL,Poland,2020,605914237903.742,NY.GDP.MKTP.CD,GDP (current US$)
PL,Poland,2019,602683770144.88,NY.GDP.MKTP.CD,GDP (current US$)
PL,Poland,2018,594616632477.019,NY.GDP.MKTP.CD,GDP (current US$)
PL,Poland,2017,528356723263.073,NY.GDP.MKTP.CD,GDP (current US$)
PL,Poland,2016,473259623976.262,NY.GDP.MKTP.CD,GDP (current US$)
PT,Portugal,2025,346639825141.821,NY.GDP.MKTP.CD,GDP (current US$)
PT,Portugal,2024,313656884870.859,NY.GDP.MKTP.CD,GDP (current US$)
PT,Portugal,2023,292323800948.839,NY.GDP.MKTP.CD,GDP (current US$)
PT,Portugal,2022,256898677175.024,NY.GDP.MKTP.CD,GDP (current US$)
PT,Portugal,2021,256055879091.139,NY.GDP.MKTP.CD,GDP (current US$)
PT,Portugal,2020,229618773422.577,NY.GDP.MKTP.CD,GDP (current US$)
PT,Portugal,2019,240115970063.019,NY.GDP.MKTP.CD,GDP (current US$)
PT,Portugal,2018,242092894542.888,NY.GDP.MKTP.CD,GDP (current US$)
PT,Portugal,2017,220862990767.229,NY.GDP.MKTP.CD,GDP (current US$)
PT,Portugal,2016,206305431241.638,NY.GDP.MKTP.CD,GDP (current US$)
PR,Puerto Rico (US),2025,129368484000.0,NY.GDP.MKTP.CD,GDP (current US$)
PR,Puerto Rico (US),2024,126029527033.705,NY.GDP.MKTP.CD,GDP (current US$)
PR,Puerto Rico (US),2023,118478754280.882,NY.GDP.MKTP.CD,GDP (current US$)
PR,Puerto Rico (US),2022,113843700000.0,NY.GDP.MKTP.CD,GDP (current US$)
PR,Puerto Rico (US),2021,106426600000.0,NY.GDP.MKTP.CD,GDP (current US$)
PR,Puerto Rico (US),2020,103130900000.0,NY.GDP.MKTP.CD,GDP (current US$)
PR,Puerto Rico (US),2019,105126400000.0,NY.GDP.MKTP.CD,GDP (current US$)
PR,Puerto Rico (US),2018,100958100000.0,NY.GDP.MKTP.CD,GDP (current US$)
PR,Puerto Rico (US),2017,103445500000.0,NY.GDP.MKTP.CD,GDP (current US$)
PR,Puerto Rico (US),2016,104336700000.0,NY.GDP.MKTP.CD,GDP (current US$)
QA,Qatar,2025,215559615384.615,NY.GDP.MKTP.CD,GDP (current US$)
QA,Qatar,2024,216294505494.505,NY.GDP.MKTP.CD,GDP (current US$)
QA,Qatar,2023,213002809340.659,NY.GDP.MKTP.CD,GDP (current US$)
QA,Qatar,2022,235709325714.286,NY.GDP.MKTP.CD,GDP (current US$)
QA,Qatar,2021,179732009560.44,NY.GDP.MKTP.CD,GDP (current US$)
QA,Qatar,2020,144411363351.648,NY.GDP.MKTP.CD,GDP (current US$)
QA,Qatar,2019,176371267692.308,NY.GDP.MKTP.CD,GDP (current US$)
QA,Qatar,2018,183334953818.681,NY.GDP.MKTP.CD,GDP (current US$)
QA,Qatar,2017,161099122225.275,NY.GDP.MKTP.CD,GDP (current US$)
QA,Qatar,2016,151732181868.132,NY.GDP.MKTP.CD,GDP (current US$)
RO,Romania,2025,428677977854.826,NY.GDP.MKTP.CD,GDP (current US$)
RO,Romania,2024,382564217988.866,NY.GDP.MKTP.CD,GDP (current US$)
RO,Romania,2023,347757995758.914,NY.GDP.MKTP.CD,GDP (current US$)
RO,Romania,2022,295317862855.924,NY.GDP.MKTP.CD,GDP (current US$)
RO,Romania,2021,285072444957.216,NY.GDP.MKTP.CD,GDP (current US$)
RO,Romania,2020,250624575871.819,NY.GDP.MKTP.CD,GDP (current US$)
RO,Romania,2019,250080428511.595,NY.GDP.MKTP.CD,GDP (current US$)
RO,Romania,2018,241791427223.903,NY.GDP.MKTP.CD,GDP (current US$)
RO,Romania,2017,210147385855.419,NY.GDP.MKTP.CD,GDP (current US$)
RO,Romania,2016,185290759248.844,NY.GDP.MKTP.CD,GDP (current US$)
RU,Russian Federation,2025,2561310169358.74,NY.GDP.MKTP.CD,GDP (current US$)
RU,Russian Federation,2024,2186462268813.08,NY.GDP.MKTP.CD,GDP (current US$)
RU,Russian Federation,2023,2046284838151.09,NY.GDP.MKTP.CD,GDP (current US$)
RU,Russian Federation,2022,2292495097681.47,NY.GDP.MKTP.CD,GDP (current US$)
RU,Russian Federation,2021,1829186719575.1,NY.GDP.MKTP.CD,GDP (current US$)
RU,Russian Federation,2020,1493075894362.14,NY.GDP.MKTP.CD,GDP (current US$)
RU,Russian Federation,2019,1693115002708.32,NY.GDP.MKTP.CD,GDP (current US$)
RU,Russian Federation,2018,1657328773461.31,NY.GDP.MKTP.CD,GDP (current US$)
RU,Russian Federation,2017,1574199360089.0,NY.GDP.MKTP.CD,GDP (current US$)
RU,Russian Federation,2016,1276786350881.14,NY.GDP.MKTP.CD,GDP (current US$)
RW,Rwanda,2025,16372132990.2271,NY.GDP.MKTP.CD,GDP (current US$)
RW,Rwanda,2024,15111064181.9687,NY.GDP.MKTP.CD,GDP (current US$)
RW,Rwanda,2023,14806501437.282,NY.GDP.MKTP.CD,GDP (current US$)
RW,Rwanda,2022,13747404814.2677,NY.GDP.MKTP.CD,GDP (current US$)
RW,Rwanda,2021,11252894909.5043,NY.GDP.MKTP.CD,GDP (current US$)
RW,Rwanda,2020,10487146253.4025,NY.GDP.MKTP.CD,GDP (current US$)
RW,Rwanda,2019,10519272170.3346,NY.GDP.MKTP.CD,GDP (current US$)
RW,Rwanda,2018,9650161136.17648,NY.GDP.MKTP.CD,GDP (current US$)
RW,Rwanda,2017,9164345443.2575,NY.GDP.MKTP.CD,GDP (current US$)
RW,Rwanda,2016,8596812240.52305,NY.GDP.MKTP.CD,GDP (current US$)
WS,Samoa,2025,1287936621.64619,NY.GDP.MKTP.CD,GDP (current US$)
WS,Samoa,2024,1175749785.65113,NY.GDP.MKTP.CD,GDP (current US$)
WS,Samoa,2023,1044909500.02527,NY.GDP.MKTP.CD,GDP (current US$)
WS,Samoa,2022,889554711.842341,NY.GDP.MKTP.CD,GDP (current US$)
WS,Samoa,2021,859724936.05765,NY.GDP.MKTP.CD,GDP (current US$)
WS,Samoa,2020,868884902.953089,NY.GDP.MKTP.CD,GDP (current US$)
WS,Samoa,2019,912950466.064906,NY.GDP.MKTP.CD,GDP (current US$)
WS,Samoa,2018,878448433.404342,NY.GDP.MKTP.CD,GDP (current US$)
WS,Samoa,2017,884844384.463214,NY.GDP.MKTP.CD,GDP (current US$)
WS,Samoa,2016,843924796.697421,NY.GDP.MKTP.CD,GDP (current US$)
SM,San Marino,2025,,NY.GDP.MKTP.CD,GDP (current US$)
SM,San Marino,2024,,NY.GDP.MKTP.CD,GDP (current US$)
SM,San Marino,2023,2027243193.5116,NY.GDP.MKTP.CD,GDP (current US$)
SM,San Marino,2022,1831701022.87082,NY.GDP.MKTP.CD,GDP (current US$)
SM,San Marino,2021,1855395712.2147,NY.GDP.MKTP.CD,GDP (current US$)
SM,San Marino,2020,1544713784.67674,NY.GDP.MKTP.CD,GDP (current US$)
SM,San Marino,2019,1616231696.04862,NY.GDP.MKTP.CD,GDP (current US$)
SM,San Marino,2018,1655354328.79184,NY.GDP.MKTP.CD,GDP (current US$)
SM,San Marino,2017,1528621192.886,NY.GDP.MKTP.CD,GDP (current US$)
SM,San Marino,2016,1468342400.08249,NY.GDP.MKTP.CD,GDP (current US$)
ST,Sao Tome and Principe,2025,981293586.906408,NY.GDP.MKTP.CD,GDP (current US$)
ST,Sao Tome and Principe,2024,824992558.045383,NY.GDP.MKTP.CD,GDP (current US$)
ST,Sao Tome and Principe,2023,690456806.696406,NY.GDP.MKTP.CD,GDP (current US$)
ST,Sao Tome and Principe,2022,540809499.189348,NY.GDP.MKTP.CD,GDP (current US$)
ST,Sao Tome and Principe,2021,524402455.54816,NY.GDP.MKTP.CD,GDP (current US$)
ST,Sao Tome and Principe,2020,471229484.607144,NY.GDP.MKTP.CD,GDP (current US$)
ST,Sao Tome and Principe,2019,412976082.620705,NY.GDP.MKTP.CD,GDP (current US$)
ST,Sao Tome and Principe,2018,383717327.830508,NY.GDP.MKTP.CD,GDP (current US$)
ST,Sao Tome and Principe,2017,322002845.229335,NY.GDP.MKTP.CD,GDP (current US$)
ST,Sao Tome and Principe,2016,292267272.196925,NY.GDP.MKTP.CD,GDP (current US$)
SA,Saudi Arabia,2025,1276942933333.33,NY.GDP.MKTP.CD,GDP (current US$)
SA,Saudi Arabia,2024,1254140800000.0,NY.GDP.MKTP.CD,GDP (current US$)
SA,Saudi Arabia,2023,1218584800000.0,NY.GDP.MKTP.CD,GDP (current US$)
SA,Saudi Arabia,2022,1239075200000.0,NY.GDP.MKTP.CD,GDP (current US$)
SA,Saudi Arabia,2021,982661066666.667,NY.GDP.MKTP.CD,GDP (current US$)
SA,Saudi Arabia,2020,767951200000.0,NY.GDP.MKTP.CD,GDP (current US$)
SA,Saudi Arabia,2019,888890133333.333,NY.GDP.MKTP.CD,GDP (current US$)
SA,Saudi Arabia,2018,886564800000.0,NY.GDP.MKTP.CD,GDP (current US$)
SA,Saudi Arabia,2017,741266133333.333,NY.GDP.MKTP.CD,GDP (current US$)
SA,Saudi Arabia,2016,689279466666.667,NY.GDP.MKTP.CD,GDP (current US$)
SN,Senegal,2025,37006536238.3731,NY.GDP.MKTP.CD,GDP (current US$)
SN,Senegal,2024,32169996051.8502,NY.GDP.MKTP.CD,GDP (current US$)
SN,Senegal,2023,30696331295.7826,NY.GDP.MKTP.CD,GDP (current US$)
SN,Senegal,2022,27783332222.6759,NY.GDP.MKTP.CD,GDP (current US$)
SN,Senegal,2021,27520784129.7508,NY.GDP.MKTP.CD,GDP (current US$)
SN,Senegal,2020,24530513037.7518,NY.GDP.MKTP.CD,GDP (current US$)
SN,Senegal,2019,23403995992.1354,NY.GDP.MKTP.CD,GDP (current US$)
SN,Senegal,2018,23116701556.1381,NY.GDP.MKTP.CD,GDP (current US$)
SN,Senegal,2017,20965069572.7168,NY.GDP.MKTP.CD,GDP (current US$)
SN,Senegal,2016,19040312333.1864,NY.GDP.MKTP.CD,GDP (current US$)
RS,Serbia,2025,99953324472.9042,NY.GDP.MKTP.CD,GDP (current US$)
RS,Serbia,2024,90088366320.4062,NY.GDP.MKTP.CD,GDP (current US$)
RS,Serbia,2023,81343999280.0179,NY.GDP.MKTP.CD,GDP (current US$)
RS,Serbia,2022,66809895701.2152,NY.GDP.MKTP.CD,GDP (current US$)
RS,Serbia,2021,66159884072.5308,NY.GDP.MKTP.CD,GDP (current US$)
RS,Serbia,2020,55874017668.998,NY.GDP.MKTP.CD,GDP (current US$)
RS,Serbia,2019,53864693664.5568,NY.GDP.MKTP.CD,GDP (current US$)
RS,Serbia,2018,52787520248.9242,NY.GDP.MKTP.CD,GDP (current US$)
RS,Serbia,2017,45972834713.8077,NY.GDP.MKTP.CD,GDP (current US$)
RS,Serbia,2016,42225495909.5633,NY.GDP.MKTP.CD,GDP (current US$)
SC,Seychelles,2025,2387022853.48583,NY.GDP.MKTP.CD,GDP (current US$)
SC,Seychelles,2024,2228608684.29911,NY.GDP.MKTP.CD,GDP (current US$)
SC,Seychelles,2023,2171547935.38159,NY.GDP.MKTP.CD,GDP (current US$)
SC,Seychelles,2022,1999888599.25474,NY.GDP.MKTP.CD,GDP (current US$)
SC,Seychelles,2021,1487173794.80528,NY.GDP.MKTP.CD,GDP (current US$)
SC,Seychelles,2020,1382551751.56908,NY.GDP.MKTP.CD,GDP (current US$)
SC,Seychelles,2019,1868690096.73454,NY.GDP.MKTP.CD,GDP (current US$)
SC,Seychelles,2018,1784313926.76807,NY.GDP.MKTP.CD,GDP (current US$)
SC,Seychelles,2017,1675370641.01416,NY.GDP.MKTP.CD,GDP (current US$)
SC,Seychelles,2016,1568513348.14463,NY.GDP.MKTP.CD,GDP (current US$)
SL,Sierra Leone,2025,7464157904.43509,NY.GDP.MKTP.CD,GDP (current US$)
SL,Sierra Leone,2024,6971127234.07241,NY.GDP.MKTP.CD,GDP (current US$)
SL,Sierra Leone,2023,6415852766.09227,NY.GDP.MKTP.CD,GDP (current US$)
SL,Sierra Leone,2022,7121125277.18159,NY.GDP.MKTP.CD,GDP (current US$)
SL,Sierra Leone,2021,7166931483.2953,NY.GDP.MKTP.CD,GDP (current US$)
SL,Sierra Leone,2020,6688307705.64217,NY.GDP.MKTP.CD,GDP (current US$)
SL,Sierra Leone,2019,6523577590.38319,NY.GDP.MKTP.CD,GDP (current US$)
SL,Sierra Leone,2018,6390514688.52816,NY.GDP.MKTP.CD,GDP (current US$)
SL,Sierra Leone,2017,5749846528.48046,NY.GDP.MKTP.CD,GDP (current US$)
SL,Sierra Leone,2016,6084297211.10217,NY.GDP.MKTP.CD,GDP (current US$)
SG,Singapore,2025,603869516998.738,NY.GDP.MKTP.CD,GDP (current US$)
SG,Singapore,2024,572877260178.427,NY.GDP.MKTP.CD,GDP (current US$)
SG,Singapore,2023,511181761243.76,NY.GDP.MKTP.CD,GDP (current US$)
SG,Singapore,2022,514252535238.749,NY.GDP.MKTP.CD,GDP (current US$)
SG,Singapore,2021,441110903524.645,NY.GDP.MKTP.CD,GDP (current US$)
SG,Singapore,2020,351226533656.292,NY.GDP.MKTP.CD,GDP (current US$)
SG,Singapore,2019,376827390962.044,NY.GDP.MKTP.CD,GDP (current US$)
SG,Singapore,2018,377976367877.038,NY.GDP.MKTP.CD,GDP (current US$)
SG,Singapore,2017,344795119213.571,NY.GDP.MKTP.CD,GDP (current US$)
SG,Singapore,2016,320759207438.623,NY.GDP.MKTP.CD,GDP (current US$)
SX,Sint Maarten (Dutch part),2025,1887728480.44693,NY.GDP.MKTP.CD,GDP (current US$)
SX,Sint Maarten (Dutch part),2024,1797836648.04469,NY.GDP.MKTP.CD,GDP (current US$)
SX,Sint Maarten (Dutch part),2023,1686525977.65363,NY.GDP.MKTP.CD,GDP (current US$)
SX,Sint Maarten (Dutch part),2022,1592564636.87151,NY.GDP.MKTP.CD,GDP (current US$)
SX,Sint Maarten (Dutch part),2021,1353071061.45251,NY.GDP.MKTP.CD,GDP (current US$)
SX,Sint Maarten (Dutch part),2020,1236428100.55866,NY.GDP.MKTP.CD,GDP (current US$)
SX,Sint Maarten (Dutch part),2019,1407880446.92737,NY.GDP.MKTP.CD,GDP (current US$)
SX,Sint Maarten (Dutch part),2018,1259200446.92737,NY.GDP.MKTP.CD,GDP (current US$)
SX,Sint Maarten (Dutch part),2017,1353212122.90503,NY.GDP.MKTP.CD,GDP (current US$)
SX,Sint Maarten (Dutch part),2016,1427017206.70391,NY.GDP.MKTP.CD,GDP (current US$)
SK,Slovak Republic,2025,154530066506.895,NY.GDP.MKTP.CD,GDP (current US$)
SK,Slovak Republic,2024,140934076532.375,NY.GDP.MKTP.CD,GDP (current US$)
SK,Slovak Republic,2023,133578518423.544,NY.GDP.MKTP.CD,GDP (current US$)
SK,Slovak Republic,2022,115792972358.209,NY.GDP.MKTP.CD,GDP (current US$)
SK,Slovak Republic,2021,120511265913.343,NY.GDP.MKTP.CD,GDP (current US$)
SK,Slovak Republic,2020,107732602896.441,NY.GDP.MKTP.CD,GDP (current US$)
SK,Slovak Republic,2019,105843498304.094,NY.GDP.MKTP.CD,GDP (current US$)
SK,Slovak Republic,2018,106611673364.837,NY.GDP.MKTP.CD,GDP (current US$)
SK,Slovak Republic,2017,95978130734.9766,NY.GDP.MKTP.CD,GDP (current US$)
SK,Slovak Republic,2016,90347173228.6356,NY.GDP.MKTP.CD,GDP (current US$)
SI,Slovenia,2025,79648204979.3618,NY.GDP.MKTP.CD,GDP (current US$)
SI,Slovenia,2024,72972015197.3859,NY.GDP.MKTP.CD,GDP (current US$)
SI,Slovenia,2023,69255264238.3855,NY.GDP.MKTP.CD,GDP (current US$)
SI,Slovenia,2022,59899117741.0022,NY.GDP.MKTP.CD,GDP (current US$)
SI,Slovenia,2021,61540813361.8556,NY.GDP.MKTP.CD,GDP (current US$)
SI,Slovenia,2020,53384760135.1581,NY.GDP.MKTP.CD,GDP (current US$)
SI,Slovenia,2019,53909922735.545,NY.GDP.MKTP.CD,GDP (current US$)
SI,Slovenia,2018,53689067639.9176,NY.GDP.MKTP.CD,GDP (current US$)
SI,Slovenia,2017,48153200134.6613,NY.GDP.MKTP.CD,GDP (current US$)
SI,Slovenia,2016,44290685824.0682,NY.GDP.MKTP.CD,GDP (current US$)
SB,Solomon Islands,2025,1749572442.95016,NY.GDP.MKTP.CD,GDP (current US$)
SB,Solomon Islands,2024,1583964703.75061,NY.GDP.MKTP.CD,GDP (current US$)
SB,Solomon Islands,2023,1506124566.40404,NY.GDP.MKTP.CD,GDP (current US$)
SB,Solomon Islands,2022,1466670929.62333,NY.GDP.MKTP.CD,GDP (current US$)
SB,Solomon Islands,2021,1558312103.84225,NY.GDP.MKTP.CD,GDP (current US$)
SB,Solomon Islands,2020,1536143427.82958,NY.GDP.MKTP.CD,GDP (current US$)
SB,Solomon Islands,2019,1619150563.92084,NY.GDP.MKTP.CD,GDP (current US$)
SB,Solomon Islands,2018,1615473250.25259,NY.GDP.MKTP.CD,GDP (current US$)
SB,Solomon Islands,2017,1469790526.3972,NY.GDP.MKTP.CD,GDP (current US$)
SB,Solomon Islands,2016,1379486290.71433,NY.GDP.MKTP.CD,GDP (current US$)
SO,"Somalia, Fed. Rep.",2025,12995200000.2658,NY.GDP.MKTP.CD,GDP (current US$)
SO,"Somalia, Fed. Rep.",2024,11967000000.0,NY.GDP.MKTP.CD,GDP (current US$)
SO,"Somalia, Fed. Rep.",2023,10958000000.0,NY.GDP.MKTP.CD,GDP (current US$)
SO,"Somalia, Fed. Rep.",2022,10203000000.0,NY.GDP.MKTP.CD,GDP (current US$)
SO,"Somalia, Fed. Rep.",2021,9483000000.0,NY.GDP.MKTP.CD,GDP (current US$)
SO,"Somalia, Fed. Rep.",2020,8628000000.0,NY.GDP.MKTP.CD,GDP (current US$)
SO,"Somalia, Fed. Rep.",2019,8656000000.0,NY.GDP.MKTP.CD,GDP (current US$)
SO,"Somalia, Fed. Rep.",2018,7873000000.0,NY.GDP.MKTP.CD,GDP (current US$)
SO,"Somalia, Fed. Rep.",2017,7621501710.0012,NY.GDP.MKTP.CD,GDP (current US$)
SO,"Somalia, Fed. Rep.",2016,6613743069.99912,NY.GDP.MKTP.CD,GDP (current US$)
ZA,South Africa,2025,427184325997.307,NY.GDP.MKTP.CD,GDP (current US$)
ZA,South Africa,2024,401144998373.585,NY.GDP.MKTP.CD,GDP (current US$)
ZA,South Africa,2023,381440724491.232,NY.GDP.MKTP.CD,GDP (current US$)
ZA,South Africa,2022,407596043067.885,NY.GDP.MKTP.CD,GDP (current US$)
ZA,South Africa,2021,419986284375.368,NY.GDP.MKTP.CD,GDP (current US$)
ZA,South Africa,2020,337974655408.055,NY.GDP.MKTP.CD,GDP (current US$)
ZA,South Africa,2019,389330032224.269,NY.GDP.MKTP.CD,GDP (current US$)
ZA,South Africa,2018,405260723892.517,NY.GDP.MKTP.CD,GDP (current US$)
ZA,South Africa,2017,381448814653.456,NY.GDP.MKTP.CD,GDP (current US$)
ZA,South Africa,2016,323585509674.481,NY.GDP.MKTP.CD,GDP (current US$)
SS,South Sudan,2025,,NY.GDP.MKTP.CD,GDP (current US$)
SS,South Sudan,2024,,NY.GDP.MKTP.CD,GDP (current US$)
SS,South Sudan,2023,,NY.GDP.MKTP.CD,GDP (current US$)
SS,South Sudan,2022,,NY.GDP.MKTP.CD,GDP (current US$)
SS,South Sudan,2021,,NY.GDP.MKTP.CD,GDP (current US$)
SS,South Sudan,2020,,NY.GDP.MKTP.CD,GDP (current US$)
SS,South Sudan,2019,,NY.GDP.MKTP.CD,GDP (current US$)
SS,South Sudan,2018,,NY.GDP.MKTP.CD,GDP (current US$)
SS,South Sudan,2017,,NY.GDP.MKTP.CD,GDP (current US$)
SS,South Sudan,2016,,NY.GDP.MKTP.CD,GDP (current US$)
ES,Spain,2025,1906453309985.88,NY.GDP.MKTP.CD,GDP (current US$)
ES,Spain,2024,1725671652742.19,NY.GDP.MKTP.CD,GDP (current US$)
ES,Spain,2023,1619481980719.64,NY.GDP.MKTP.CD,GDP (current US$)
ES,Spain,2022,1448850658406.62,NY.GDP.MKTP.CD,GDP (current US$)
ES,Spain,2021,1461244901852.69,NY.GDP.MKTP.CD,GDP (current US$)
ES,Spain,2020,1289783836971.21,NY.GDP.MKTP.CD,GDP (current US$)
ES,Spain,2019,1403496387686.27,NY.GDP.MKTP.CD,GDP (current US$)
ES,Spain,2018,1431642809327.06,NY.GDP.MKTP.CD,GDP (current US$)
ES,Spain,2017,1321754088818.83,NY.GDP.MKTP.CD,GDP (current US$)
ES,Spain,2016,1243015667917.12,NY.GDP.MKTP.CD,GDP (current US$)
LK,Sri Lanka,2025,108825231671.196,NY.GDP.MKTP.CD,GDP (current US$)
LK,Sri Lanka,2024,99616111265.7633,NY.GDP.MKTP.CD,GDP (current US$)
LK,Sri Lanka,2023,84080307355.5983,NY.GDP.MKTP.CD,GDP (current US$)
LK,Sri Lanka,2022,74143020303.663,NY.GDP.MKTP.CD,GDP (current US$)
LK,Sri Lanka,2021,88556699052.2008,NY.GDP.MKTP.CD,GDP (current US$)
LK,Sri Lanka,2020,84335574372.2997,NY.GDP.MKTP.CD,GDP (current US$)
LK,Sri Lanka,2019,88998706177.9986,NY.GDP.MKTP.CD,GDP (current US$)
LK,Sri Lanka,2018,94450015982.806,NY.GDP.MKTP.CD,GDP (current US$)
LK,Sri Lanka,2017,94369350439.4732,NY.GDP.MKTP.CD,GDP (current US$)
LK,Sri Lanka,2016,88000210878.1236,NY.GDP.MKTP.CD,GDP (current US$)
KN,St. Kitts and Nevis,2025,1183514814.81481,NY.GDP.MKTP.CD,GDP (current US$)
KN,St. Kitts and Nevis,2024,1122388888.88889,NY.GDP.MKTP.CD,GDP (current US$)
KN,St. Kitts and Nevis,2023,1055651851.85185,NY.GDP.MKTP.CD,GDP (current US$)
KN,St. Kitts and Nevis,2022,981429629.62963,NY.GDP.MKTP.CD,GDP (current US$)
KN,St. Kitts and Nevis,2021,858622222.222222,NY.GDP.MKTP.CD,GDP (current US$)
KN,St. Kitts and Nevis,2020,883922222.222222,NY.GDP.MKTP.CD,GDP (current US$)
KN,St. Kitts and Nevis,2019,1107855555.55556,NY.GDP.MKTP.CD,GDP (current US$)
KN,St. Kitts and Nevis,2018,1076548148.14815,NY.GDP.MKTP.CD,GDP (current US$)
KN,St. Kitts and Nevis,2017,1056977777.77778,NY.GDP.MKTP.CD,GDP (current US$)
KN,St. Kitts and Nevis,2016,1006818518.51852,NY.GDP.MKTP.CD,GDP (current US$)
LC,St. Lucia,2025,2656444444.44444,NY.GDP.MKTP.CD,GDP (current US$)
LC,St. Lucia,2024,2605148148.14815,NY.GDP.MKTP.CD,GDP (current US$)
LC,St. Lucia,2023,2441259259.25926,NY.GDP.MKTP.CD,GDP (current US$)
LC,St. Lucia,2022,2319888888.88889,NY.GDP.MKTP.CD,GDP (current US$)
LC,St. Lucia,2021,1871111111.11111,NY.GDP.MKTP.CD,GDP (current US$)
LC,St. Lucia,2020,1521740740.74074,NY.GDP.MKTP.CD,GDP (current US$)
LC,St. Lucia,2019,2090074074.07407,NY.GDP.MKTP.CD,GDP (current US$)
LC,St. Lucia,2018,2060955555.55556,NY.GDP.MKTP.CD,GDP (current US$)
LC,St. Lucia,2017,1998503703.7037,NY.GDP.MKTP.CD,GDP (current US$)
LC,St. Lucia,2016,1868544444.44444,NY.GDP.MKTP.CD,GDP (current US$)
MF,St. Martin (French part),2025,,NY.GDP.MKTP.CD,GDP (current US$)
MF,St. Martin (French part),2024,,NY.GDP.MKTP.CD,GDP (current US$)
MF,St. Martin (French part),2023,,NY.GDP.MKTP.CD,GDP (current US$)
MF,St. Martin (French part),2022,,NY.GDP.MKTP.CD,GDP (current US$)
MF,St. Martin (French part),2021,649206262.847519,NY.GDP.MKTP.CD,GDP (current US$)
MF,St. Martin (French part),2020,,NY.GDP.MKTP.CD,GDP (current US$)
MF,St. Martin (French part),2019,652206037.103874,NY.GDP.MKTP.CD,GDP (current US$)
MF,St. Martin (French part),2018,,NY.GDP.MKTP.CD,GDP (current US$)
MF,St. Martin (French part),2017,,NY.GDP.MKTP.CD,GDP (current US$)
MF,St. Martin (French part),2016,,NY.GDP.MKTP.CD,GDP (current US$)
VC,St. Vincent and the Grenadines,2025,1255222222.22222,NY.GDP.MKTP.CD,GDP (current US$)
VC,St. Vincent and the Grenadines,2024,1157207407.40741,NY.GDP.MKTP.CD,GDP (current US$)
VC,St. Vincent and the Grenadines,2023,1072237037.03704,NY.GDP.MKTP.CD,GDP (current US$)
VC,St. Vincent and the Grenadines,2022,989188888.888889,NY.GDP.MKTP.CD,GDP (current US$)
VC,St. Vincent and the Grenadines,2021,888677777.777778,NY.GDP.MKTP.CD,GDP (current US$)
VC,St. Vincent and the Grenadines,2020,864566666.666667,NY.GDP.MKTP.CD,GDP (current US$)
VC,St. Vincent and the Grenadines,2019,910481481.481481,NY.GDP.MKTP.CD,GDP (current US$)
VC,St. Vincent and the Grenadines,2018,884329629.62963,NY.GDP.MKTP.CD,GDP (current US$)
VC,St. Vincent and the Grenadines,2017,844040740.740741,NY.GDP.MKTP.CD,GDP (current US$)
VC,St. Vincent and the Grenadines,2016,814303703.703704,NY.GDP.MKTP.CD,GDP (current US$)
SD,Sudan,2025,60162634574.4689,NY.GDP.MKTP.CD,GDP (current US$)
SD,Sudan,2024,49672435513.1126,NY.GDP.MKTP.CD,GDP (current US$)
SD,Sudan,2023,39898289820.7951,NY.GDP.MKTP.CD,GDP (current US$)
SD,Sudan,2022,51666875363.0963,NY.GDP.MKTP.CD,GDP (current US$)
SD,Sudan,2021,34229513774.9936,NY.GDP.MKTP.CD,GDP (current US$)
SD,Sudan,2020,27034593750.0,NY.GDP.MKTP.CD,GDP (current US$)
SD,Sudan,2019,32338079165.2893,NY.GDP.MKTP.CD,GDP (current US$)
SD,Sudan,2018,32333780383.2924,NY.GDP.MKTP.CD,GDP (current US$)
SD,Sudan,2017,41283617976.1905,NY.GDP.MKTP.CD,GDP (current US$)
SD,Sudan,2016,42630376000.0,NY.GDP.MKTP.CD,GDP (current US$)
SR,Suriname,2025,4523657796.86421,NY.GDP.MKTP.CD,GDP (current US$)
SR,Suriname,2024,4416775112.72266,NY.GDP.MKTP.CD,GDP (current US$)
SR,Suriname,2023,3472693412.08497,NY.GDP.MKTP.CD,GDP (current US$)
SR,Suriname,2022,3791603200.0259,NY.GDP.MKTP.CD,GDP (current US$)
SR,Suriname,2021,3107923197.96954,NY.GDP.MKTP.CD,GDP (current US$)
SR,Suriname,2020,2911807496.20227,NY.GDP.MKTP.CD,GDP (current US$)
SR,Suriname,2019,4016040575.08796,NY.GDP.MKTP.CD,GDP (current US$)
SR,Suriname,2018,3996198866.57453,NY.GDP.MKTP.CD,GDP (current US$)
SR,Suriname,2017,3591679430.99988,NY.GDP.MKTP.CD,GDP (current US$)
SR,Suriname,2016,3317421648.09918,NY.GDP.MKTP.CD,GDP (current US$)
SE,Sweden,2025,668998664082.081,NY.GDP.MKTP.CD,GDP (current US$)
SE,Sweden,2024,604827393488.582,NY.GDP.MKTP.CD,GDP (current US$)
SE,Sweden,2023,578990915246.07,NY.GDP.MKTP.CD,GDP (current US$)
SE,Sweden,2022,575071237640.921,NY.GDP.MKTP.CD,GDP (current US$)
SE,Sweden,2021,631693331300.776,NY.GDP.MKTP.CD,GDP (current US$)
SE,Sweden,2020,544265668451.678,NY.GDP.MKTP.CD,GDP (current US$)
SE,Sweden,2019,530894124494.418,NY.GDP.MKTP.CD,GDP (current US$)
SE,Sweden,2018,549649344043.182,NY.GDP.MKTP.CD,GDP (current US$)
SE,Sweden,2017,535172356784.769,NY.GDP.MKTP.CD,GDP (current US$)
SE,Sweden,2016,513058312950.939,NY.GDP.MKTP.CD,GDP (current US$)
CH,Switzerland,2025,1043529899250.92,NY.GDP.MKTP.CD,GDP (current US$)
CH,Switzerland,2024,969919786394.884,NY.GDP.MKTP.CD,GDP (current US$)
CH,Switzerland,2023,928435275851.707,NY.GDP.MKTP.CD,GDP (current US$)
CH,Switzerland,2022,858479038993.75,NY.GDP.MKTP.CD,GDP (current US$)
CH,Switzerland,2021,840710023481.35,NY.GDP.MKTP.CD,GDP (current US$)
CH,Switzerland,2020,756096180222.082,NY.GDP.MKTP.CD,GDP (current US$)
CH,Switzerland,2019,736384764156.877,NY.GDP.MKTP.CD,GDP (current US$)
CH,Switzerland,2018,740766531453.991,NY.GDP.MKTP.CD,GDP (current US$)
CH,Switzerland,2017,706660443624.485,NY.GDP.MKTP.CD,GDP (current US$)
CH,Switzerland,2016,698607778794.566,NY.GDP.MKTP.CD,GDP (current US$)
SY,Syrian Arab Republic,2025,,NY.GDP.MKTP.CD,GDP (current US$)
SY,Syrian Arab Republic,2024,,NY.GDP.MKTP.CD,GDP (current US$)
SY,Syrian Arab Republic,2023,,NY.GDP.MKTP.CD,GDP (current US$)
SY,Syrian Arab Republic,2022,23737634644.3994,NY.GDP.MKTP.CD,GDP (current US$)
SY,Syrian Arab Republic,2021,14892885528.1402,NY.GDP.MKTP.CD,GDP (current US$)
SY,Syrian Arab Republic,2020,12501503673.2425,NY.GDP.MKTP.CD,GDP (current US$)
SY,Syrian Arab Republic,2019,22583046644.6891,NY.GDP.MKTP.CD,GDP (current US$)
SY,Syrian Arab Republic,2018,21497779247.9835,NY.GDP.MKTP.CD,GDP (current US$)
SY,Syrian Arab Republic,2017,16369842725.4718,NY.GDP.MKTP.CD,GDP (current US$)
SY,Syrian Arab Republic,2016,12597854088.3602,NY.GDP.MKTP.CD,GDP (current US$)
TJ,Tajikistan,2025,17660626562.4832,NY.GDP.MKTP.CD,GDP (current US$)
TJ,Tajikistan,2024,14425113699.7925,NY.GDP.MKTP.CD,GDP (current US$)
TJ,Tajikistan,2023,12244169292.7998,NY.GDP.MKTP.CD,GDP (current US$)
TJ,Tajikistan,2022,10713525200.3998,NY.GDP.MKTP.CD,GDP (current US$)
TJ,Tajikistan,2021,8937805347.13963,NY.GDP.MKTP.CD,GDP (current US$)
TJ,Tajikistan,2020,8133963550.65742,NY.GDP.MKTP.CD,GDP (current US$)
TJ,Tajikistan,2019,8300813599.3084,NY.GDP.MKTP.CD,GDP (current US$)
TJ,Tajikistan,2018,7764999999.45362,NY.GDP.MKTP.CD,GDP (current US$)
TJ,Tajikistan,2017,7536402852.85802,NY.GDP.MKTP.CD,GDP (current US$)
TJ,Tajikistan,2016,6992416096.89018,NY.GDP.MKTP.CD,GDP (current US$)
TZ,Tanzania,2025,90143496090.4411,NY.GDP.MKTP.CD,GDP (current US$)
TZ,Tanzania,2024,79235713444.9777,NY.GDP.MKTP.CD,GDP (current US$)
TZ,Tanzania,2023,79030935638.1317,NY.GDP.MKTP.CD,GDP (current US$)
TZ,Tanzania,2022,75749121846.9703,NY.GDP.MKTP.CD,GDP (current US$)
TZ,Tanzania,2021,70655628147.8986,NY.GDP.MKTP.CD,GDP (current US$)
TZ,Tanzania,2020,66068737786.0639,NY.GDP.MKTP.CD,GDP (current US$)
TZ,Tanzania,2019,61026731925.9213,NY.GDP.MKTP.CD,GDP (current US$)
TZ,Tanzania,2018,57003712892.0858,NY.GDP.MKTP.CD,GDP (current US$)
TZ,Tanzania,2017,53274884532.7886,NY.GDP.MKTP.CD,GDP (current US$)
TZ,Tanzania,2016,49774409374.4538,NY.GDP.MKTP.CD,GDP (current US$)
TH,Thailand,2025,577009981112.015,NY.GDP.MKTP.CD,GDP (current US$)
TH,Thailand,2024,529385520941.539,NY.GDP.MKTP.CD,GDP (current US$)
TH,Thailand,2023,517013369475.121,NY.GDP.MKTP.CD,GDP (current US$)
TH,Thailand,2022,495691837308.033,NY.GDP.MKTP.CD,GDP (current US$)
TH,Thailand,2021,506049783824.94,NY.GDP.MKTP.CD,GDP (current US$)
TH,Thailand,2020,500274927778.532,NY.GDP.MKTP.CD,GDP (current US$)
TH,Thailand,2019,543976691793.886,NY.GDP.MKTP.CD,GDP (current US$)
TH,Thailand,2018,506754208404.485,NY.GDP.MKTP.CD,GDP (current US$)
TH,Thailand,2017,456356813536.764,NY.GDP.MKTP.CD,GDP (current US$)
TH,Thailand,2016,413366349747.508,NY.GDP.MKTP.CD,GDP (current US$)
TL,Timor-Leste,2025,1902180257.82737,NY.GDP.MKTP.CD,GDP (current US$)
TL,Timor-Leste,2024,1865608515.41321,NY.GDP.MKTP.CD,GDP (current US$)
TL,Timor-Leste,2023,2079767200.0,NY.GDP.MKTP.CD,GDP (current US$)
TL,Timor-Leste,2022,3208599900.0,NY.GDP.MKTP.CD,GDP (current US$)
TL,Timor-Leste,2021,3625024300.0,NY.GDP.MKTP.CD,GDP (current US$)
TL,Timor-Leste,2020,2162619200.0,NY.GDP.MKTP.CD,GDP (current US$)
TL,Timor-Leste,2019,2032550400.0,NY.GDP.MKTP.CD,GDP (current US$)
TL,Timor-Leste,2018,1555988600.0,NY.GDP.MKTP.CD,GDP (current US$)
TL,Timor-Leste,2017,1584878400.0,NY.GDP.MKTP.CD,GDP (current US$)
TL,Timor-Leste,2016,1640464600.0,NY.GDP.MKTP.CD,GDP (current US$)
TG,Togo,2025,11889949067.4697,NY.GDP.MKTP.CD,GDP (current US$)
TG,Togo,2024,10643440332.2445,NY.GDP.MKTP.CD,GDP (current US$)
TG,Togo,2023,9723300576.72675,NY.GDP.MKTP.CD,GDP (current US$)
TG,Togo,2022,8646453099.4124,NY.GDP.MKTP.CD,GDP (current US$)
TG,Togo,2021,8541668141.26198,NY.GDP.MKTP.CD,GDP (current US$)
TG,Togo,2020,7486031561.86885,NY.GDP.MKTP.CD,GDP (current US$)
TG,Togo,2019,6992942458.99419,NY.GDP.MKTP.CD,GDP (current US$)
TG,Togo,2018,7029215766.46367,NY.GDP.MKTP.CD,GDP (current US$)
TG,Togo,2017,6387424239.8801,NY.GDP.MKTP.CD,GDP (current US$)
TG,Togo,2016,6071167584.1951,NY.GDP.MKTP.CD,GDP (current US$)
TO,Tonga,2025,679218218.578017,NY.GDP.MKTP.CD,GDP (current US$)
TO,Tonga,2024,647488243.847291,NY.GDP.MKTP.CD,GDP (current US$)
TO,Tonga,2023,591139733.623755,NY.GDP.MKTP.CD,GDP (current US$)
TO,Tonga,2022,556514556.392844,NY.GDP.MKTP.CD,GDP (current US$)
TO,Tonga,2021,519306339.3498,NY.GDP.MKTP.CD,GDP (current US$)
TO,Tonga,2020,506571486.576395,NY.GDP.MKTP.CD,GDP (current US$)
TO,Tonga,2019,506031247.606648,NY.GDP.MKTP.CD,GDP (current US$)
TO,Tonga,2018,493530766.930564,NY.GDP.MKTP.CD,GDP (current US$)
TO,Tonga,2017,459976847.108128,NY.GDP.MKTP.CD,GDP (current US$)
TO,Tonga,2016,420828254.541601,NY.GDP.MKTP.CD,GDP (current US$)
TT,Trinidad and Tobago,2025,25942749718.4685,NY.GDP.MKTP.CD,GDP (current US$)
TT,Trinidad and Tobago,2024,25633544529.4849,NY.GDP.MKTP.CD,GDP (current US$)
TT,Trinidad and Tobago,2023,25036993423.3664,NY.GDP.MKTP.CD,GDP (current US$)
TT,Trinidad and Tobago,2022,28341164301.126,NY.GDP.MKTP.CD,GDP (current US$)
TT,Trinidad and Tobago,2021,24222963262.7213,NY.GDP.MKTP.CD,GDP (current US$)
TT,Trinidad and Tobago,2020,20888515184.2239,NY.GDP.MKTP.CD,GDP (current US$)
TT,Trinidad and Tobago,2019,23477745791.6977,NY.GDP.MKTP.CD,GDP (current US$)
TT,Trinidad and Tobago,2018,23883058083.2171,NY.GDP.MKTP.CD,GDP (current US$)
TT,Trinidad and Tobago,2017,23830750900.6899,NY.GDP.MKTP.CD,GDP (current US$)
TT,Trinidad and Tobago,2016,23624322192.6274,NY.GDP.MKTP.CD,GDP (current US$)
TN,Tunisia,2025,57502836548.0878,NY.GDP.MKTP.CD,GDP (current US$)
TN,Tunisia,2024,51412122479.8468,NY.GDP.MKTP.CD,GDP (current US$)
TN,Tunisia,2023,48205328303.3398,NY.GDP.MKTP.CD,GDP (current US$)
TN,Tunisia,2022,44929920092.7955,NY.GDP.MKTP.CD,GDP (current US$)
TN,Tunisia,2021,47073234359.1819,NY.GDP.MKTP.CD,GDP (current US$)
TN,Tunisia,2020,42491780918.361,NY.GDP.MKTP.CD,GDP (current US$)
TN,Tunisia,2019,41905642418.825,NY.GDP.MKTP.CD,GDP (current US$)
TN,Tunisia,2018,42686504459.801,NY.GDP.MKTP.CD,GDP (current US$)
TN,Tunisia,2017,42163530590.9462,NY.GDP.MKTP.CD,GDP (current US$)
TN,Tunisia,2016,44360072680.4476,NY.GDP.MKTP.CD,GDP (current US$)
TR,Turkiye,2025,1597293229287.0,NY.GDP.MKTP.CD,GDP (current US$)
TR,Turkiye,2024,1359123768774.12,NY.GDP.MKTP.CD,GDP (current US$)
TR,Turkiye,2023,1141242864657.45,NY.GDP.MKTP.CD,GDP (current US$)
TR,Turkiye,2022,926097476913.818,NY.GDP.MKTP.CD,GDP (current US$)
TR,Turkiye,2021,839938668172.134,NY.GDP.MKTP.CD,GDP (current US$)
TR,Turkiye,2020,733628247119.077,NY.GDP.MKTP.CD,GDP (current US$)
TR,Turkiye,2019,775853144222.613,NY.GDP.MKTP.CD,GDP (current US$)
TR,Turkiye,2018,788356985773.667,NY.GDP.MKTP.CD,GDP (current US$)
TR,Turkiye,2017,863874522365.276,NY.GDP.MKTP.CD,GDP (current US$)
TR,Turkiye,2016,870818016909.84,NY.GDP.MKTP.CD,GDP (current US$)
TM,Turkmenistan,2025,49828621355.6516,NY.GDP.MKTP.CD,GDP (current US$)
TM,Turkmenistan,2024,44249447717.2312,NY.GDP.MKTP.CD,GDP (current US$)
TM,Turkmenistan,2023,39020211239.6728,NY.GDP.MKTP.CD,GDP (current US$)
TM,Turkmenistan,2022,37583913148.2791,NY.GDP.MKTP.CD,GDP (current US$)
TM,Turkmenistan,2021,26334182093.7903,NY.GDP.MKTP.CD,GDP (current US$)
TM,Turkmenistan,2020,27350527267.6636,NY.GDP.MKTP.CD,GDP (current US$)
TM,Turkmenistan,2019,29700000000.0,NY.GDP.MKTP.CD,GDP (current US$)
TM,Turkmenistan,2018,26036313868.6131,NY.GDP.MKTP.CD,GDP (current US$)
TM,Turkmenistan,2017,33352261306.5327,NY.GDP.MKTP.CD,GDP (current US$)
TM,Turkmenistan,2016,33313947368.4211,NY.GDP.MKTP.CD,GDP (current US$)
TC,Turks and Caicos Islands,2025,,NY.GDP.MKTP.CD,GDP (current US$)
TC,Turks and Caicos Islands,2024,1745378000.0,NY.GDP.MKTP.CD,GDP (current US$)
TC,Turks and Caicos Islands,2023,1638653000.0,NY.GDP.MKTP.CD,GDP (current US$)
TC,Turks and Caicos Islands,2022,1434119000.0,NY.GDP.MKTP.CD,GDP (current US$)
TC,Turks and Caicos Islands,2021,1236459000.0,NY.GDP.MKTP.CD,GDP (current US$)
TC,Turks and Caicos Islands,2020,918387000.0,NY.GDP.MKTP.CD,GDP (current US$)
TC,Turks and Caicos Islands,2019,1371838000.0,NY.GDP.MKTP.CD,GDP (current US$)
TC,Turks and Caicos Islands,2018,1314329000.0,NY.GDP.MKTP.CD,GDP (current US$)
TC,Turks and Caicos Islands,2017,1197958000.0,NY.GDP.MKTP.CD,GDP (current US$)
TC,Turks and Caicos Islands,2016,1202078000.0,NY.GDP.MKTP.CD,GDP (current US$)
TV,Tuvalu,2025,57345434.7234984,NY.GDP.MKTP.CD,GDP (current US$)
TV,Tuvalu,2024,56752265.8012166,NY.GDP.MKTP.CD,GDP (current US$)
TV,Tuvalu,2023,50491930.924381,NY.GDP.MKTP.CD,GDP (current US$)
TV,Tuvalu,2022,54104146.3198082,NY.GDP.MKTP.CD,GDP (current US$)
TV,Tuvalu,2021,61597447.1614093,NY.GDP.MKTP.CD,GDP (current US$)
TV,Tuvalu,2020,52302514.9939611,NY.GDP.MKTP.CD,GDP (current US$)
TV,Tuvalu,2019,53527720.0597564,NY.GDP.MKTP.CD,GDP (current US$)
TV,Tuvalu,2018,48026990.1943497,NY.GDP.MKTP.CD,GDP (current US$)
TV,Tuvalu,2017,45288858.1637361,NY.GDP.MKTP.CD,GDP (current US$)
TV,Tuvalu,2016,41306141.62505,NY.GDP.MKTP.CD,GDP (current US$)
UG,Uganda,2025,61985829288.1496,NY.GDP.MKTP.CD,GDP (current US$)
UG,Uganda,2024,53911907079.0485,NY.GDP.MKTP.CD,GDP (current US$)
UG,Uganda,2023,48768955863.3175,NY.GDP.MKTP.CD,GDP (current US$)
UG,Uganda,2022,45565333210.9108,NY.GDP.MKTP.CD,GDP (current US$)
UG,Uganda,2021,40529788748.6737,NY.GDP.MKTP.CD,GDP (current US$)
UG,Uganda,2020,37600368241.6657,NY.GDP.MKTP.CD,GDP (current US$)
UG,Uganda,2019,35353061003.4359,NY.GDP.MKTP.CD,GDP (current US$)
UG,Uganda,2018,32927025619.6795,NY.GDP.MKTP.CD,GDP (current US$)
UG,Uganda,2017,30744473841.424,NY.GDP.MKTP.CD,GDP (current US$)
UG,Uganda,2016,29203988696.2626,NY.GDP.MKTP.CD,GDP (current US$)
UA,Ukraine,2025,214233312784.397,NY.GDP.MKTP.CD,GDP (current US$)
UA,Ukraine,2024,190833835445.1,NY.GDP.MKTP.CD,GDP (current US$)
UA,Ukraine,2023,181221517868.744,NY.GDP.MKTP.CD,GDP (current US$)
UA,Ukraine,2022,161989520721.19,NY.GDP.MKTP.CD,GDP (current US$)
UA,Ukraine,2021,199765859570.935,NY.GDP.MKTP.CD,GDP (current US$)
UA,Ukraine,2020,156617722013.342,NY.GDP.MKTP.CD,GDP (current US$)
UA,Ukraine,2019,153883047509.577,NY.GDP.MKTP.CD,GDP (current US$)
UA,Ukraine,2018,130891088293.55,NY.GDP.MKTP.CD,GDP (current US$)
UA,Ukraine,2017,112090505081.739,NY.GDP.MKTP.CD,GDP (current US$)
UA,Ukraine,2016,93355869403.9223,NY.GDP.MKTP.CD,GDP (current US$)
AE,United Arab Emirates,2025,,NY.GDP.MKTP.CD,GDP (current US$)
AE,United Arab Emirates,2024,552324919095.872,NY.GDP.MKTP.CD,GDP (current US$)
AE,United Arab Emirates,2023,522622268401.125,NY.GDP.MKTP.CD,GDP (current US$)
AE,United Arab Emirates,2022,511403404642.173,NY.GDP.MKTP.CD,GDP (current US$)
AE,United Arab Emirates,2021,422441282436.237,NY.GDP.MKTP.CD,GDP (current US$)
AE,United Arab Emirates,2020,357161776271.328,NY.GDP.MKTP.CD,GDP (current US$)
AE,United Arab Emirates,2019,433926218686.108,NY.GDP.MKTP.CD,GDP (current US$)
AE,United Arab Emirates,2018,440560003161.236,NY.GDP.MKTP.CD,GDP (current US$)
AE,United Arab Emirates,2017,403365056078.846,NY.GDP.MKTP.CD,GDP (current US$)
AE,United Arab Emirates,2016,381717208620.964,NY.GDP.MKTP.CD,GDP (current US$)
GB,United Kingdom,2025,4002587541846.01,NY.GDP.MKTP.CD,GDP (current US$)
GB,United Kingdom,2024,3695539513534.15,NY.GDP.MKTP.CD,GDP (current US$)
GB,United Kingdom,2023,3420796653789.08,NY.GDP.MKTP.CD,GDP (current US$)
GB,United Kingdom,2022,3181244350465.41,NY.GDP.MKTP.CD,GDP (current US$)
GB,United Kingdom,2021,3194559188925.93,NY.GDP.MKTP.CD,GDP (current US$)
GB,United Kingdom,2020,2724001478304.59,NY.GDP.MKTP.CD,GDP (current US$)
GB,United Kingdom,2019,2875710080015.3,NY.GDP.MKTP.CD,GDP (current US$)
GB,United Kingdom,2018,2897028009916.05,NY.GDP.MKTP.CD,GDP (current US$)
GB,United Kingdom,2017,2699118387873.1,NY.GDP.MKTP.CD,GDP (current US$)
GB,United Kingdom,2016,2706807606538.73,NY.GDP.MKTP.CD,GDP (current US$)
US,United States,2025,30769700000000.0,NY.GDP.MKTP.CD,GDP (current US$)
US,United States,2024,29298013000000.0,NY.GDP.MKTP.CD,GDP (current US$)
US,United States,2023,27811517000000.0,NY.GDP.MKTP.CD,GDP (current US$)
US,United States,2022,26054614000000.0,NY.GDP.MKTP.CD,GDP (current US$)
US,United States,2021,23725645000000.0,NY.GDP.MKTP.CD,GDP (current US$)
US,United States,2020,21375281000000.0,NY.GDP.MKTP.CD,GDP (current US$)
US,United States,2019,21539982000000.0,NY.GDP.MKTP.CD,GDP (current US$)
US,United States,2018,20656516000000.0,NY.GDP.MKTP.CD,GDP (current US$)
US,United States,2017,19612102000000.0,NY.GDP.MKTP.CD,GDP (current US$)
US,United States,2016,18804913000000.0,NY.GDP.MKTP.CD,GDP (current US$)
UY,Uruguay,2025,85347696277.6859,NY.GDP.MKTP.CD,GDP (current US$)
UY,Uruguay,2024,82322859144.2816,NY.GDP.MKTP.CD,GDP (current US$)
UY,Uruguay,2023,79208725899.5531,NY.GDP.MKTP.CD,GDP (current US$)
UY,Uruguay,2022,71240669088.0587,NY.GDP.MKTP.CD,GDP (current US$)
UY,Uruguay,2021,60739061281.1628,NY.GDP.MKTP.CD,GDP (current US$)
UY,Uruguay,2020,53559354501.4278,NY.GDP.MKTP.CD,GDP (current US$)
UY,Uruguay,2019,62222324964.633,NY.GDP.MKTP.CD,GDP (current US$)
UY,Uruguay,2018,65344577415.7535,NY.GDP.MKTP.CD,GDP (current US$)
UY,Uruguay,2017,65006039809.739,NY.GDP.MKTP.CD,GDP (current US$)
UY,Uruguay,2016,57480787465.2716,NY.GDP.MKTP.CD,GDP (current US$)
UZ,Uzbekistan,2025,147038081129.405,NY.GDP.MKTP.CD,GDP (current US$)
UZ,Uzbekistan,2024,121356065241.228,NY.GDP.MKTP.CD,GDP (current US$)
UZ,Uzbekistan,2023,107526539716.318,NY.GDP.MKTP.CD,GDP (current US$)
UZ,Uzbekistan,2022,94286355836.1594,NY.GDP.MKTP.CD,GDP (current US$)
UZ,Uzbekistan,2021,81170051810.5825,NY.GDP.MKTP.CD,GDP (current US$)
UZ,Uzbekistan,2020,70127127133.2164,NY.GDP.MKTP.CD,GDP (current US$)
UZ,Uzbekistan,2019,70170662562.6111,NY.GDP.MKTP.CD,GDP (current US$)
UZ,Uzbekistan,2018,61318332402.7908,NY.GDP.MKTP.CD,GDP (current US$)
UZ,Uzbekistan,2017,72276404057.649,NY.GDP.MKTP.CD,GDP (current US$)
UZ,Uzbekistan,2016,97871364319.3985,NY.GDP.MKTP.CD,GDP (current US$)
VU,Vanuatu,2025,1353658840.63993,NY.GDP.MKTP.CD,GDP (current US$)
VU,Vanuatu,2024,1297956614.77783,NY.GDP.MKTP.CD,GDP (current US$)
VU,Vanuatu,2023,1188137265.19047,NY.GDP.MKTP.CD,GDP (current US$)
VU,Vanuatu,2022,1151863789.76624,NY.GDP.MKTP.CD,GDP (current US$)
VU,Vanuatu,2021,1093826088.94269,NY.GDP.MKTP.CD,GDP (current US$)
VU,Vanuatu,2020,1017403362.80118,NY.GDP.MKTP.CD,GDP (current US$)
VU,Vanuatu,2019,1061547512.69257,NY.GDP.MKTP.CD,GDP (current US$)
VU,Vanuatu,2018,1034402941.04298,NY.GDP.MKTP.CD,GDP (current US$)
VU,Vanuatu,2017,998536154.882053,NY.GDP.MKTP.CD,GDP (current US$)
VU,Vanuatu,2016,908725512.790966,NY.GDP.MKTP.CD,GDP (current US$)
VE,"Venezuela, RB",2025,99661244155.6306,NY.GDP.MKTP.CD,GDP (current US$)
VE,"Venezuela, RB",2024,120566112397.063,NY.GDP.MKTP.CD,GDP (current US$)
VE,"Venezuela, RB",2023,102377501185.925,NY.GDP.MKTP.CD,GDP (current US$)
VE,"Venezuela, RB",2022,89013251020.9831,NY.GDP.MKTP.CD,GDP (current US$)
VE,"Venezuela, RB",2021,56615026262.6535,NY.GDP.MKTP.CD,GDP (current US$)
VE,"Venezuela, RB",2020,42837965906.8675,NY.GDP.MKTP.CD,GDP (current US$)
VE,"Venezuela, RB",2019,73014157107.594,NY.GDP.MKTP.CD,GDP (current US$)
VE,"Venezuela, RB",2018,101987075928.918,NY.GDP.MKTP.CD,GDP (current US$)
VE,"Venezuela, RB",2017,115892475742.789,NY.GDP.MKTP.CD,GDP (current US$)
VE,"Venezuela, RB",2016,112948035494.959,NY.GDP.MKTP.CD,GDP (current US$)
VN,Viet Nam,2025,514697215165.065,NY.GDP.MKTP.CD,GDP (current US$)
VN,Viet Nam,2024,476324572783.807,NY.GDP.MKTP.CD,GDP (current US$)
VN,Viet Nam,2023,433805036898.465,NY.GDP.MKTP.CD,GDP (current US$)
VN,Viet Nam,2022,413445230668.578,NY.GDP.MKTP.CD,GDP (current US$)
VN,Viet Nam,2021,366474752771.009,NY.GDP.MKTP.CD,GDP (current US$)
VN,Viet Nam,2020,346615738537.796,NY.GDP.MKTP.CD,GDP (current US$)
VN,Viet Nam,2019,334365270496.667,NY.GDP.MKTP.CD,GDP (current US$)
VN,Viet Nam,2018,310106478394.659,NY.GDP.MKTP.CD,GDP (current US$)
VN,Viet Nam,2017,281353605986.903,NY.GDP.MKTP.CD,GDP (current US$)
VN,Viet Nam,2016,257096001177.982,NY.GDP.MKTP.CD,GDP (current US$)
VI,Virgin Islands (U.S.),2025,,NY.GDP.MKTP.CD,GDP (current US$)
VI,Virgin Islands (U.S.),2024,,NY.GDP.MKTP.CD,GDP (current US$)
VI,Virgin Islands (U.S.),2023,,NY.GDP.MKTP.CD,GDP (current US$)
VI,Virgin Islands (U.S.),2022,4672000000.0,NY.GDP.MKTP.CD,GDP (current US$)
VI,Virgin Islands (U.S.),2021,4507000000.0,NY.GDP.MKTP.CD,GDP (current US$)
VI,Virgin Islands (U.S.),2020,4229000000.0,NY.GDP.MKTP.CD,GDP (current US$)
VI,Virgin Islands (U.S.),2019,4121000000.0,NY.GDP.MKTP.CD,GDP (current US$)
VI,Virgin Islands (U.S.),2018,3923000000.0,NY.GDP.MKTP.CD,GDP (current US$)
VI,Virgin Islands (U.S.),2017,3794000000.0,NY.GDP.MKTP.CD,GDP (current US$)
VI,Virgin Islands (U.S.),2016,3798000000.0,NY.GDP.MKTP.CD,GDP (current US$)
PS,West Bank and Gaza,2025,17167100000.0,NY.GDP.MKTP.CD,GDP (current US$)
PS,West Bank and Gaza,2024,16016900000.0,NY.GDP.MKTP.CD,GDP (current US$)
PS,West Bank and Gaza,2023,18635100000.0,NY.GDP.MKTP.CD,GDP (current US$)
PS,West Bank and Gaza,2022,19165500000.0,NY.GDP.MKTP.CD,GDP (current US$)
PS,West Bank and Gaza,2021,18109000000.0,NY.GDP.MKTP.CD,GDP (current US$)
PS,West Bank and Gaza,2020,15531700000.0,NY.GDP.MKTP.CD,GDP (current US$)
PS,West Bank and Gaza,2019,17133500000.0,NY.GDP.MKTP.CD,GDP (current US$)
PS,West Bank and Gaza,2018,16276600000.0,NY.GDP.MKTP.CD,GDP (current US$)
PS,West Bank and Gaza,2017,16128000000.0,NY.GDP.MKTP.CD,GDP (current US$)
PS,West Bank and Gaza,2016,15405400000.0,NY.GDP.MKTP.CD,GDP (current US$)
YE,"Yemen, Rep.",2025,,NY.GDP.MKTP.CD,GDP (current US$)
YE,"Yemen, Rep.",2024,,NY.GDP.MKTP.CD,GDP (current US$)
YE,"Yemen, Rep.",2023,,NY.GDP.MKTP.CD,GDP (current US$)
YE,"Yemen, Rep.",2022,,NY.GDP.MKTP.CD,GDP (current US$)
YE,"Yemen, Rep.",2021,,NY.GDP.MKTP.CD,GDP (current US$)
YE,"Yemen, Rep.",2020,,NY.GDP.MKTP.CD,GDP (current US$)
YE,"Yemen, Rep.",2019,,NY.GDP.MKTP.CD,GDP (current US$)
YE,"Yemen, Rep.",2018,21606160663.0318,NY.GDP.MKTP.CD,GDP (current US$)
YE,"Yemen, Rep.",2017,26842229044.5848,NY.GDP.MKTP.CD,GDP (current US$)
YE,"Yemen, Rep.",2016,31317825274.1507,NY.GDP.MKTP.CD,GDP (current US$)
ZM,Zambia,2025,28879806220.1264,NY.GDP.MKTP.CD,GDP (current US$)
ZM,Zambia,2024,25303185342.2511,NY.GDP.MKTP.CD,GDP (current US$)
ZM,Zambia,2023,27577956471.244,NY.GDP.MKTP.CD,GDP (current US$)
ZM,Zambia,2022,29163782140.4858,NY.GDP.MKTP.CD,GDP (current US$)
ZM,Zambia,2021,22096416932.0089,NY.GDP.MKTP.CD,GDP (current US$)
ZM,Zambia,2020,18137764930.651,NY.GDP.MKTP.CD,GDP (current US$)
ZM,Zambia,2019,23308667781.2258,NY.GDP.MKTP.CD,GDP (current US$)
ZM,Zambia,2018,26311507273.6735,NY.GDP.MKTP.CD,GDP (current US$)
ZM,Zambia,2017,25873601260.8353,NY.GDP.MKTP.CD,GDP (current US$)
ZM,Zambia,2016,20958412538.3093,NY.GDP.MKTP.CD,GDP (current US$)
ZW,Zimbabwe,2025,51215643905.5886,NY.GDP.MKTP.CD,GDP (current US$)
ZW,Zimbabwe,2024,41521975830.2351,NY.GDP.MKTP.CD,GDP (current US$)
ZW,Zimbabwe,2023,35871781303.429,NY.GDP.MKTP.CD,GDP (current US$)
ZW,Zimbabwe,2022,40757585308.5016,NY.GDP.MKTP.CD,GDP (current US$)
ZW,Zimbabwe,2021,41287852523.5016,NY.GDP.MKTP.CD,GDP (current US$)
ZW,Zimbabwe,2020,31979753644.6558,NY.GDP.MKTP.CD,GDP (current US$)
ZW,Zimbabwe,2019,33360632553.3556,NY.GDP.MKTP.CD,GDP (current US$)
ZW,Zimbabwe,2018,34141666666.6667,NY.GDP.MKTP.CD,GDP (current US$)
ZW,Zimbabwe,2017,51035657370.5179,NY.GDP.MKTP.CD,GDP (current US$)
ZW,Zimbabwe,2016,20559250000.0,NY.GDP.MKTP.CD,GDP (current US$)
